EmployeeID,MonthlyIncome,PercentSalaryHike,StockOptionLevel,PerformanceRating,JobSatisfaction,EnvironmentSatisfaction,WorkLifeBalance,JobInvolvement,RelationshipSatisfaction,OverTime
EMP-100000,11577.0,13,0,3,3,4,1,3,4,no
EMP-100001,11202.0,20,1,3,4,1,1,2,4,no
EMP-100002,6823.0,15,2,4,2,3,4,3,3,No
EMP-100003,17324.0,23,1,3,4,1,1,4,4,N
EMP-100004,14529.0,23,2,3,3,4,2,4,1,yes
EMP-100005,12553.0,17,0,3,1,4,2,2,3,yes
EMP-100006,9702.0,18,1,3,1,1,1,3,2,no
EMP-100007,15956.0,17,0,3,1,4,4,2,1,FALSE
EMP-100008,18910.0,17,3,3,4,1,3,3,2,N
EMP-100009,16753.0,21,1,3,2,1,3,1,4,no
EMP-100010,11850.0,25,2,4,1,2,1,2,3,Y
EMP-100011,18563.0,12,3,3,1,4,3,2,1,N
EMP-100012,7076.0,16,2,4,1,4,4,3,3,N
EMP-100013,21615.0,15,3,4,1,2,2,2,1,N
EMP-100014,15482.0,21,2,3,3,2,2,1,1,N
EMP-100015,7685.0,25,2,3,3,2,4,3,1,no
EMP-100017,14780.0,22,3,3,3,4,1,3,1,N
EMP-100018,16683.0,20,0,3,3,1,2,1,1,Yes
EMP-100019,8114.0,21,0,3,3,1,3,1,3,FALSE
EMP-100020,16938.0,14,0,3,4,1,3,2,2,Yes
EMP-100021,11746.0,22,0,3,3,4,2,3,4,TRUE
EMP-100022,17198.0,17,2,4,4,3,2,1,3,yes
EMP-100023,7703.0,21,0,4,4,4,1,4,3,TRUE
EMP-100024,19947.0,18,0,3,3,4,4,2,1,No
EMP-100025,17419.0,24,0,4,4,4,3,1,3,No
EMP-100026,13399.0,16,2,3,1,4,1,1,3,N
EMP-100027,6038.0,13,3,3,2,4,2,1,4,No
EMP-100028,7524.0,21,2,3,3,3,4,2,3,Y
EMP-100029,6519.0,15,2,3,3,2,4,1,1,no
EMP-100030,7944.0,11,2,3,2,1,3,1,4,Y
EMP-100031,18735.0,24,3,3,3,4,4,4,3,yes
EMP-100032,16872.0,23,0,3,3,4,2,4,1,Yes
EMP-100033,10644.0,18,0,3,2,4,2,4,4,No
EMP-100034,19016.0,22,3,4,4,1,2,1,3,yes
EMP-100035,7404.0,22,3,4,1,3,1,4,1,No
EMP-100036,14238.0,22,1,3,4,1,2,3,4,FALSE
EMP-100037,16821.0,21,0,3,1,3,1,4,1,No
EMP-100038,9053.0,12,2,3,2,2,2,4,4,N
EMP-100039,17487.0,23,2,3,4,4,2,1,3,No
EMP-100040,6288.0,20,0,3,4,3,4,3,2,No
EMP-100041,21343.0,17,3,3,1,1,3,4,4,Yes
EMP-100042,11772.0,19,1,4,1,3,2,1,3,N
EMP-100043,17824.0,11,2,3,1,3,4,3,4,TRUE
EMP-100044,6593.0,23,1,3,1,2,4,4,2,No
EMP-100045,7691.0,14,2,3,3,4,3,1,1,no
EMP-100046,17769.0,17,2,3,2,4,4,3,2,no
EMP-100047,9292.0,24,0,3,1,1,4,4,2,No
EMP-100048,6959.0,19,2,3,4,1,3,3,1,yes
EMP-100049,14791.0,12,1,3,4,2,1,3,2,N
EMP-100050,6919.0,12,1,3,4,3,3,1,3,N
EMP-100051,11713.0,16,0,3,1,3,3,2,4,no
EMP-100052,16028.0,13,2,3,2,1,2,3,2,Yes
EMP-100053,12770.0,14,1,3,3,4,2,3,4,FALSE
EMP-100054,19252.0,13,3,3,1,3,1,3,4,N
EMP-100055,18753.0,23,0,4,1,2,3,3,1,no
EMP-100056,10934.0,11,3,3,3,1,3,3,2,FALSE
EMP-100057,14100.0,24,1,3,2,3,1,2,1,No
EMP-100058,7774.0,24,3,3,1,4,2,1,1,N
EMP-100059,13602.0,16,0,3,4,4,3,2,4,No
EMP-100060,10598.0,21,3,3,4,2,1,1,3,FALSE
EMP-100061,10869.0,21,1,3,1,2,2,2,4,No
EMP-100062,11468.0,23,3,3,2,1,4,1,1,No
EMP-100063,17999.0,12,3,3,4,1,1,4,2,Y
EMP-100064,16225.0,12,3,3,4,4,1,3,3,N
EMP-100065,8936.0,17,2,3,3,4,3,1,3,FALSE
EMP-100066,11343.0,15,1,3,2,3,4,1,2,no
EMP-100067,9576.0,18,3,3,1,3,2,3,2,Y
EMP-100068,17155.0,24,1,3,3,3,4,4,3,N
EMP-100070,17228.0,23,0,3,3,2,3,1,3,N
EMP-100071,18739.0,20,0,3,2,3,2,1,3,Yes
EMP-100072,9005.0,18,0,3,2,4,2,3,3,Y
EMP-100073,19922.0,17,3,3,2,1,2,2,1,No
EMP-100074,,23,1,3,1,2,3,3,2,no
EMP-100075,23264.0,20,0,3,2,2,2,1,2,no
EMP-100076,18113.0,24,2,3,3,3,2,1,2,N
EMP-100077,14069.0,18,0,3,4,1,2,1,1,no
EMP-100078,9903.0,21,0,3,1,2,1,4,1,No
EMP-100079,8661.0,13,2,4,1,1,2,3,2,Y
EMP-100080,14679.0,18,0,4,1,2,3,4,4,Y
EMP-100081,5897.0,25,3,3,3,1,1,3,4,N
EMP-100082,7269.0,16,3,3,2,1,3,4,2,No
EMP-100083,9866.0,12,0,3,3,2,4,2,4,N
EMP-100084,,16,1,3,4,1,1,1,4,FALSE
EMP-100086,16421.0,13,0,3,4,2,1,3,2,FALSE
EMP-100087,10709.0,11,2,3,1,2,3,1,1,no
EMP-100088,19687.0,17,3,3,1,4,1,4,4,TRUE
EMP-100089,15762.0,12,3,3,3,1,4,2,4,no
EMP-100090,19535.0,11,3,3,2,4,2,4,2,N
EMP-100091,,11,0,3,1,2,2,4,3,No
EMP-100092,5841.0,17,3,3,3,4,4,3,2,FALSE
EMP-100093,13709.0,22,0,4,4,1,3,1,1,No
EMP-100094,10188.0,11,0,3,3,4,1,4,3,N
EMP-100095,19320.0,19,1,3,2,2,3,3,3,no
EMP-100096,10793.0,16,2,3,2,1,3,4,3,Yes
EMP-100097,17043.0,14,2,4,2,2,3,4,1,no
EMP-100098,17877.0,22,2,3,1,2,2,4,4,Yes
EMP-100099,17781.0,14,3,3,3,3,1,3,2,No
EMP-100100,6035.0,25,1,4,4,2,2,2,1,N
EMP-100101,17641.0,23,1,3,2,2,2,4,1,No
EMP-100102,7180.0,22,0,3,3,1,2,4,3,Y
EMP-100103,7991.0,24,1,3,1,1,1,3,3,FALSE
EMP-100104,13768.0,15,0,3,4,1,4,1,1,No
EMP-100105,6716.0,12,1,3,4,4,2,2,4,Yes
EMP-100106,10834.0,15,0,3,4,4,2,3,3,No
EMP-100107,17947.0,12,3,3,1,1,2,1,1,FALSE
EMP-100108,9018.0,22,1,4,2,4,1,3,3,No
EMP-100109,9152.0,14,2,3,1,3,1,3,2,N
EMP-100110,21328.0,20,0,3,4,4,3,2,2,no
EMP-100111,13807.0,21,1,3,3,3,2,2,2,yes
EMP-100112,21676.0,24,1,3,4,1,2,2,3,no
EMP-100113,10793.0,15,0,3,3,1,1,2,3,N
EMP-100114,19504.0,16,1,3,1,4,1,1,4,FALSE
EMP-100115,16171.0,16,2,3,1,1,2,4,2,N
EMP-100116,19118.0,19,0,4,1,1,4,3,4,N
EMP-100117,6831.0,14,0,3,3,2,3,2,1,no
EMP-100118,7862.0,23,0,3,1,1,3,4,1,FALSE
EMP-100119,7129.0,24,0,3,2,2,2,1,2,no
EMP-100120,16653.0,15,0,3,4,1,3,2,4,no
EMP-100121,10116.0,16,2,3,2,3,3,3,3,no
EMP-100122,6952.0,14,0,3,3,3,2,4,4,yes
EMP-100123,16663.0,16,2,3,1,1,3,2,1,no
EMP-100124,18581.0,12,2,3,4,3,1,3,4,Yes
EMP-100125,21526.0,22,2,3,1,3,2,4,1,N
EMP-100126,18242.0,23,0,3,1,3,1,3,1,N
EMP-100127,11232.0,17,2,3,4,4,2,1,4,TRUE
EMP-100128,17322.0,13,0,3,4,3,1,2,3,no
EMP-100129,10624.0,24,2,3,2,2,3,2,1,N
EMP-100130,12102.0,20,0,3,2,4,4,3,4,No
EMP-100131,9132.0,14,1,3,2,2,1,4,1,N
EMP-100132,10788.0,19,1,3,2,2,1,2,2,Yes
EMP-100133,11473.0,25,2,3,2,2,4,3,3,No
EMP-100134,14887.0,25,3,3,3,4,4,1,2,No
EMP-100135,21585.0,22,3,3,3,1,1,2,1,no
EMP-100136,6307.0,25,1,3,1,3,1,3,3,no
EMP-100137,19027.0,23,2,3,1,3,1,4,4,No
EMP-100138,12150.0,15,2,3,2,1,2,2,4,TRUE
EMP-100139,15150.0,19,2,3,1,1,1,2,3,No
EMP-100140,8442.0,20,3,3,3,2,1,1,2,No
EMP-100141,10158.0,23,1,3,3,4,4,3,2,No
EMP-100142,7508.0,20,2,3,1,2,4,4,3,TRUE
EMP-100143,10430.0,20,1,3,2,3,2,1,4,no
EMP-100144,22227.0,22,1,3,3,1,2,1,3,FALSE
EMP-100145,13118.0,20,0,3,4,3,3,1,2,no
EMP-100146,17941.0,16,3,3,4,1,1,3,1,no
EMP-100147,10167.0,18,1,4,1,4,1,3,4,N
EMP-100148,13833.0,15,0,3,2,2,4,2,3,No
EMP-100149,20607.0,15,3,3,1,3,3,3,1,No
EMP-100150,14989.0,13,2,3,2,4,1,1,2,FALSE
EMP-100151,11131.0,17,2,3,2,3,3,3,4,No
EMP-100152,14444.0,12,0,3,4,1,2,4,3,No
EMP-100153,17448.0,21,2,3,3,3,1,2,2,no
EMP-100154,9691.0,22,0,4,3,4,1,1,3,yes
EMP-100155,14423.0,13,0,3,1,4,2,2,3,yes
EMP-100156,22046.0,25,2,3,1,2,1,3,4,FALSE
EMP-100157,9535.0,12,3,3,2,3,2,2,2,No
EMP-100158,18714.0,25,0,3,3,1,2,2,2,TRUE
EMP-100159,7231.0,23,3,3,2,3,3,3,1,FALSE
EMP-100160,9210.0,18,3,3,4,2,4,2,2,no
EMP-100161,15335.0,14,0,3,4,1,4,3,2,no
EMP-100162,5941.0,20,3,3,2,1,2,1,4,FALSE
EMP-100163,17473.0,18,0,3,2,2,3,2,1,N
EMP-100164,22643.0,18,2,3,2,1,2,4,4,Yes
EMP-100165,13459.0,18,2,3,2,4,3,4,2,N
EMP-100166,7475.0,18,2,3,2,4,3,1,1,N
EMP-100167,12970.0,18,2,3,4,1,4,3,4,N
EMP-100168,13617.0,22,2,3,4,3,4,3,1,FALSE
EMP-100169,20400.0,19,3,3,4,1,3,2,2,Y
EMP-100170,9037.0,12,3,3,1,3,4,2,1,N
EMP-100171,8843.0,19,3,3,4,2,3,4,1,no
EMP-100172,14831.0,18,1,3,3,4,1,4,1,N
EMP-100173,8937.0,21,1,3,3,4,2,3,2,Yes
EMP-100174,8959.0,20,0,3,2,2,4,4,2,no
EMP-100175,15280.0,11,1,3,4,2,2,3,1,Y
EMP-100176,15029.0,24,2,3,2,4,4,1,4,No
EMP-100177,6012.0,15,2,3,2,2,2,1,4,No
EMP-100178,15781.0,21,2,3,3,1,2,4,2,N
EMP-100179,5140.0,12,0,3,3,1,4,2,3,N
EMP-100180,10811.0,20,0,3,2,3,4,4,4,No
EMP-100181,10477.0,15,0,4,3,3,4,4,1,Yes
EMP-100182,14838.0,23,0,4,2,3,4,4,3,FALSE
EMP-100183,,25,3,3,2,1,3,2,2,no
EMP-100184,17414.0,18,0,3,2,4,4,4,4,FALSE
EMP-100185,13818.0,19,0,4,1,3,4,2,3,Yes
EMP-100186,10783.0,19,1,3,3,1,4,4,2,N
EMP-100187,22359.0,11,3,4,3,4,1,2,2,no
EMP-100188,17350.0,17,2,3,4,2,2,2,1,no
EMP-100189,6940.0,22,1,3,3,1,4,2,4,N
EMP-100190,6557.0,21,0,4,4,2,4,2,3,N
EMP-100191,21440.0,18,2,3,2,3,2,2,1,FALSE
EMP-100192,7558.0,20,2,3,1,4,2,1,4,Yes
EMP-100193,9989.0,13,2,3,2,1,3,3,3,N
EMP-100194,13493.0,23,1,4,2,3,2,3,2,no
EMP-100195,13297.0,16,3,3,2,3,2,2,2,no
EMP-100196,16473.0,21,3,4,4,4,1,3,4,FALSE
EMP-100197,,13,2,3,1,2,3,2,1,No
EMP-100198,5952.0,19,0,4,2,3,1,4,3,No
EMP-100199,6422.0,23,3,3,4,4,2,1,3,N
EMP-100200,16199.0,13,3,3,2,4,4,4,2,FALSE
EMP-100201,14633.0,12,0,3,1,1,3,4,4,Y
EMP-100202,6304.0,19,1,3,2,3,2,2,1,FALSE
EMP-100203,8689.0,25,1,4,2,2,2,4,2,Y
EMP-100204,9971.0,21,0,3,3,2,4,1,2,Y
EMP-100205,16696.0,23,1,3,4,3,4,4,1,N
EMP-100206,9332.0,24,2,3,1,2,4,1,3,No
EMP-100207,5922.0,18,3,3,4,4,3,1,3,N
EMP-100208,16999.0,18,1,3,3,4,1,2,4,N
EMP-100209,18206.0,12,2,3,2,3,3,1,2,TRUE
EMP-100210,8385.0,16,2,3,1,2,4,4,4,Y
EMP-100211,16041.0,23,2,3,1,4,3,2,3,TRUE
EMP-100212,17896.0,23,2,3,4,3,4,1,1,no
EMP-100213,16730.0,15,2,4,2,4,1,1,3,Y
EMP-100214,22778.0,24,0,3,3,3,3,3,3,FALSE
EMP-100215,14887.0,22,3,3,2,1,1,2,2,N
EMP-100217,16625.0,15,0,3,1,3,4,1,4,yes
EMP-100218,8331.0,14,0,3,1,1,3,3,1,no
EMP-100219,19424.0,19,2,3,2,1,3,4,2,No
EMP-100220,10432.0,22,1,3,2,2,1,4,1,No
EMP-100221,10367.0,11,3,3,2,1,4,1,4,FALSE
EMP-100222,9692.0,16,1,3,2,2,1,3,4,FALSE
EMP-100223,9095.0,17,3,3,3,1,1,3,3,TRUE
EMP-100224,10824.0,25,2,3,3,1,1,2,4,N
EMP-100225,10590.0,22,1,3,3,4,1,4,3,no
EMP-100226,18491.0,16,3,3,3,3,3,4,2,no
EMP-100227,8382.0,15,3,3,4,1,2,2,1,N
EMP-100228,17298.0,22,2,3,1,3,3,4,3,No
EMP-100229,14898.0,14,1,3,1,3,4,3,3,No
EMP-100230,11067.0,15,2,3,4,4,2,3,2,N
EMP-100231,12116.0,19,1,3,4,3,1,4,4,no
EMP-100232,9797.0,15,1,4,3,3,3,2,3,N
EMP-100233,20809.0,20,3,3,2,1,2,1,4,FALSE
EMP-100234,16743.0,25,0,4,1,4,1,1,3,no
EMP-100235,6742.0,18,1,3,4,3,3,1,4,N
EMP-100236,14200.0,17,1,4,2,1,2,1,3,N
EMP-100237,13611.0,14,2,3,3,4,3,3,1,Yes
EMP-100238,19775.0,20,1,3,4,1,2,1,1,Yes
EMP-100239,12203.0,15,1,3,1,4,4,3,1,no
EMP-100240,7315.0,17,1,3,1,4,3,3,3,N
EMP-100241,14565.0,16,1,3,1,2,3,1,4,TRUE
EMP-100242,11419.0,23,1,3,4,2,2,1,2,No
EMP-100243,12091.0,13,0,3,1,2,4,1,2,No
EMP-100244,18367.0,20,3,3,3,3,3,4,2,no
EMP-100245,19305.0,25,1,3,1,1,4,4,1,TRUE
EMP-100246,21071.0,13,2,3,3,4,4,2,1,FALSE
EMP-100247,21173.0,12,2,3,1,1,3,3,1,FALSE
EMP-100248,8708.0,24,1,4,3,3,1,1,4,No
EMP-100249,9044.0,13,1,3,4,2,2,4,1,FALSE
EMP-100250,21695.0,21,1,4,3,2,3,2,4,no
EMP-100251,19279.0,20,0,3,4,1,4,3,4,Y
EMP-100252,10790.0,23,3,4,2,1,2,3,4,FALSE
EMP-100253,12553.0,11,2,3,3,4,3,3,3,N
EMP-100254,9208.0,23,0,3,4,1,2,4,2,Yes
EMP-100255,13717.0,19,0,3,2,4,2,1,4,N
EMP-100256,14687.0,12,1,3,1,4,4,1,2,No
EMP-100257,8114.0,22,3,3,2,2,1,3,4,N
EMP-100258,7781.0,23,1,3,3,1,1,3,4,yes
EMP-100259,22867.0,13,2,3,2,2,2,2,1,FALSE
EMP-100260,15700.0,15,3,3,1,4,4,2,2,Y
EMP-100261,10120.0,20,1,3,2,2,4,3,4,N
EMP-100262,12319.0,22,2,4,3,2,3,2,2,No
EMP-100263,10171.0,14,0,3,3,4,2,4,1,N
EMP-100264,20875.0,23,2,3,4,3,3,3,4,no
EMP-100265,12002.0,15,2,3,1,3,4,2,1,N
EMP-100266,14876.0,16,2,3,1,1,2,3,4,No
EMP-100267,19541.0,15,3,4,2,2,1,1,1,no
EMP-100268,16606.0,20,0,3,1,1,1,4,1,yes
EMP-100269,6802.0,11,3,3,3,2,3,3,3,N
EMP-100270,12161.0,16,0,3,2,1,2,1,4,N
EMP-100271,14347.0,19,1,3,4,1,4,3,4,No
EMP-100272,6462.0,13,1,3,2,4,3,1,4,FALSE
EMP-100273,13876.0,25,2,3,2,3,1,2,2,N
EMP-100274,6944.0,12,2,3,4,3,4,1,3,no
EMP-100275,10085.0,16,3,3,2,3,2,4,2,Y
EMP-100276,21195.0,22,0,3,1,4,1,4,4,TRUE
EMP-100277,17401.0,24,0,3,2,3,4,2,3,N
EMP-100278,5236.0,13,0,3,2,4,1,3,1,no
EMP-100279,6202.0,14,2,3,2,2,2,4,3,N
EMP-100280,6629.0,16,2,3,3,4,3,2,1,FALSE
EMP-100281,9736.0,22,0,3,3,1,4,4,4,no
EMP-100282,6623.0,23,2,3,1,1,4,2,4,No
EMP-100283,22483.0,22,0,3,4,2,2,4,1,no
EMP-100284,17830.0,16,3,4,3,2,1,2,3,yes
EMP-100285,18553.0,22,1,3,3,1,1,4,2,N
EMP-100286,10888.0,12,0,3,1,3,1,3,3,no
EMP-100287,19031.0,23,2,3,1,3,4,1,1,N
EMP-100288,12808.0,23,3,3,4,3,4,4,1,N
EMP-100289,12289.0,13,2,3,2,2,1,2,2,no
EMP-100290,15368.0,23,2,4,2,1,4,3,2,FALSE
EMP-100291,8413.0,19,2,3,4,4,3,4,2,no
EMP-100292,6125.0,12,0,3,4,2,2,2,1,N
EMP-100293,,13,3,3,4,1,2,1,4,FALSE
EMP-100294,17210.0,19,0,4,1,3,4,2,3,Y
EMP-100295,14957.0,14,1,3,2,3,3,4,2,FALSE
EMP-100296,8262.0,25,0,3,4,3,3,2,1,no
EMP-100297,14136.0,11,1,3,4,1,1,2,3,no
EMP-100298,15327.0,21,3,3,2,3,2,1,2,N
EMP-100299,8210.0,23,3,3,2,1,2,4,4,FALSE
EMP-100300,11862.0,12,0,4,1,2,2,4,3,N
EMP-100301,9350.0,25,0,3,3,4,4,1,3,FALSE
EMP-100302,11139.0,13,2,3,3,3,3,3,1,N
EMP-100303,16675.0,19,1,4,1,2,1,2,1,No
EMP-100304,22090.0,25,2,4,1,2,4,2,1,N
EMP-100305,17252.0,19,2,3,2,1,1,2,4,FALSE
EMP-100306,10763.0,21,3,3,1,2,4,4,3,FALSE
EMP-100307,8209.0,25,0,3,1,1,2,4,2,FALSE
EMP-100308,13586.0,16,3,4,4,1,1,2,4,N
EMP-100309,14420.0,24,0,3,1,2,3,4,2,N
EMP-100310,10999.0,21,3,3,1,1,3,1,2,FALSE
EMP-100311,15064.0,16,3,3,4,1,4,1,1,no
EMP-100312,6760.0,13,3,3,2,1,2,4,2,No
EMP-100313,18113.0,15,1,3,2,2,4,2,2,N
EMP-100314,14887.0,25,3,3,1,4,1,2,4,No
EMP-100315,12732.0,21,1,3,1,1,3,2,1,N
EMP-100316,7116.0,14,3,3,3,3,3,2,2,Y
EMP-100317,20444.0,20,0,3,4,2,3,4,2,Y
EMP-100318,5914.0,20,1,3,3,2,3,3,2,N
EMP-100319,14311.0,22,0,3,1,1,1,3,3,FALSE
EMP-100320,12759.0,19,0,3,3,2,3,2,3,Y
EMP-100321,17960.0,19,0,3,3,3,4,2,1,FALSE
EMP-100322,7780.0,11,1,4,2,4,3,2,4,yes
EMP-100323,11194.0,18,2,3,4,2,1,3,1,No
EMP-100324,14013.0,25,1,3,2,2,2,1,3,TRUE
EMP-100325,12972.0,19,2,3,2,2,2,3,1,N
EMP-100326,13523.0,15,1,3,3,1,3,4,4,no
EMP-100327,20650.0,14,3,3,4,3,2,3,1,N
EMP-100328,5994.0,20,2,3,1,4,1,4,2,N
EMP-100329,15676.0,14,3,3,4,3,3,2,4,N
EMP-100330,18995.0,12,2,3,2,3,1,4,4,FALSE
EMP-100331,18346.0,19,1,4,3,2,2,2,4,yes
EMP-100332,8404.0,15,1,3,1,4,2,1,1,FALSE
EMP-100333,18881.0,21,2,3,2,3,3,2,1,no
EMP-100334,5352.0,13,3,3,3,4,2,2,2,FALSE
EMP-100335,15691.0,16,0,3,2,1,3,1,4,Y
EMP-100336,10571.0,19,2,3,3,2,3,2,2,FALSE
EMP-100337,13114.0,19,2,3,4,1,4,2,4,No
EMP-100338,13048.0,22,3,3,2,4,4,2,3,FALSE
EMP-100339,17705.0,23,0,3,4,2,4,3,1,TRUE
EMP-100340,16412.0,15,2,3,4,1,1,4,2,no
EMP-100341,16947.0,18,0,3,3,2,2,2,1,FALSE
EMP-100342,16222.0,14,0,3,1,1,2,3,1,Yes
EMP-100343,15625.0,15,1,3,4,3,4,2,3,FALSE
EMP-100344,8311.0,17,3,3,2,2,3,4,3,Yes
EMP-100345,18414.0,17,2,3,2,4,3,2,4,No
EMP-100346,18474.0,23,2,3,3,2,3,4,3,no
EMP-100347,14269.0,17,0,3,4,4,3,3,4,N
EMP-100348,18086.0,18,2,4,1,1,1,3,3,N
EMP-100349,21323.0,21,0,4,1,1,2,2,3,FALSE
EMP-100350,17877.0,15,2,3,2,4,4,1,2,FALSE
EMP-100351,19158.0,25,3,3,3,1,1,4,3,no
EMP-100352,9968.0,11,2,3,4,2,2,2,2,yes
EMP-100353,11301.0,21,0,3,2,1,1,3,3,no
EMP-100354,21724.0,19,0,4,3,4,3,2,2,FALSE
EMP-100356,13688.0,25,2,3,2,3,1,2,4,FALSE
EMP-100357,7350.0,17,0,3,3,4,3,4,3,No
EMP-100358,16192.0,22,1,3,1,1,3,3,2,Yes
EMP-100359,7093.0,16,1,4,3,4,4,1,3,TRUE
EMP-100360,10305.0,23,2,4,2,1,4,1,2,yes
EMP-100361,14992.0,23,3,3,4,1,2,3,2,FALSE
EMP-100362,20617.0,15,2,3,3,3,4,3,3,Yes
EMP-100363,10538.0,15,3,3,4,1,4,2,4,no
EMP-100364,15555.0,25,2,3,2,4,2,3,2,No
EMP-100365,20572.0,13,0,4,1,4,1,3,1,FALSE
EMP-100366,19046.0,20,2,3,3,4,1,4,3,no
EMP-100367,15108.0,11,3,3,1,1,1,2,1,N
EMP-100368,19990.0,16,3,3,4,4,3,4,2,no
EMP-100369,17052.0,18,2,3,4,2,2,2,2,FALSE
EMP-100370,11800.0,24,2,3,1,2,1,2,3,FALSE
EMP-100371,13251.0,12,1,3,2,4,4,1,4,yes
EMP-100372,15473.0,18,2,3,4,1,4,1,1,no
EMP-100373,20289.0,18,2,3,2,4,4,3,4,FALSE
EMP-100374,15977.0,20,0,3,1,2,2,2,1,no
EMP-100375,10993.0,18,3,3,2,1,2,3,4,yes
EMP-100376,20023.0,20,1,3,4,4,4,4,3,FALSE
EMP-100377,14499.0,25,0,4,1,1,3,3,1,N
EMP-100378,19098.0,13,2,4,2,4,3,4,3,No
EMP-100379,9999.0,20,3,3,2,3,1,1,4,No
EMP-100380,13613.0,18,2,3,3,1,1,1,4,Y
EMP-100381,12627.0,21,2,3,4,2,1,4,4,N
EMP-100382,7100.0,25,2,3,3,2,1,4,3,Yes
EMP-100383,10163.0,22,2,4,2,2,1,4,2,N
EMP-100384,8797.0,22,3,3,4,2,2,3,2,no
EMP-100385,6436.0,24,0,3,1,4,2,4,1,No
EMP-100386,15247.0,14,2,3,1,4,3,2,3,FALSE
EMP-100387,6335.0,13,2,3,1,1,3,4,3,Yes
EMP-100388,10014.0,21,1,4,2,3,2,1,3,Y
EMP-100389,15474.0,19,1,3,2,3,3,4,4,No
EMP-100390,15093.0,18,3,3,1,1,4,1,3,no
EMP-100391,7481.0,20,2,3,3,2,3,1,2,no
EMP-100392,16325.0,23,2,3,3,3,4,3,1,Y
EMP-100393,15064.0,23,2,3,4,3,4,4,2,FALSE
EMP-100394,14758.0,12,3,3,4,1,1,1,3,yes
EMP-100395,6068.0,23,3,3,1,2,3,2,1,N
EMP-100396,14026.0,23,2,4,2,4,4,4,1,No
EMP-100397,16968.0,25,2,3,2,4,3,4,3,No
EMP-100398,6815.0,23,3,3,4,3,3,1,3,yes
EMP-100399,10275.0,24,2,3,1,4,2,3,2,FALSE
EMP-100400,6001.0,18,0,3,4,1,2,3,2,Yes
EMP-100401,10643.0,21,0,4,3,3,1,4,4,Yes
EMP-100402,7609.0,21,3,3,1,3,3,4,4,No
EMP-100403,13712.0,13,0,4,1,2,2,3,4,no
EMP-100404,7195.0,20,1,3,1,4,4,3,3,TRUE
EMP-100405,14616.0,22,2,4,3,2,4,2,3,N
EMP-100406,15501.0,24,1,3,1,3,1,4,4,N
EMP-100407,10300.0,16,1,3,4,4,4,4,4,No
EMP-100408,18959.0,15,1,3,3,2,3,4,2,N
EMP-100409,6975.0,18,0,3,2,4,4,3,4,No
EMP-100410,18729.0,19,2,3,4,3,1,1,4,FALSE
EMP-100411,18548.0,21,2,3,4,3,1,2,1,N
EMP-100412,,17,3,3,4,3,4,3,4,Yes
EMP-100413,13967.0,16,1,4,3,1,3,3,1,no
EMP-100414,13397.0,16,0,3,4,2,2,2,4,yes
EMP-100415,10584.0,11,1,4,3,2,3,4,1,No
EMP-100416,7080.0,15,1,3,1,3,3,1,4,No
EMP-100417,8349.0,24,2,3,2,2,3,2,2,No
EMP-100418,19280.0,18,3,3,1,3,4,1,3,No
EMP-100419,11967.0,16,0,4,4,2,2,4,1,Y
EMP-100420,13864.0,22,2,3,3,4,3,1,3,TRUE
EMP-100421,9413.0,11,1,3,3,2,2,4,2,No
EMP-100422,9324.0,25,2,3,1,3,1,3,4,No
EMP-100423,6351.0,25,1,3,4,2,2,4,4,No
EMP-100424,8240.0,15,0,4,2,4,4,2,2,no
EMP-100425,13638.0,23,2,3,3,4,1,2,3,FALSE
EMP-100426,22171.0,21,2,3,3,4,1,4,3,no
EMP-100427,17717.0,22,2,3,4,3,3,4,3,Yes
EMP-100428,14396.0,15,2,3,3,1,2,3,3,No
EMP-100429,10538.0,22,2,3,4,3,1,3,1,TRUE
EMP-100430,6776.0,13,0,3,4,4,1,4,3,no
EMP-100431,13908.0,18,3,3,2,2,2,1,1,No
EMP-100432,,25,0,3,4,4,2,3,2,No
EMP-100433,10982.0,19,2,3,1,1,1,2,4,no
EMP-100434,5912.0,16,1,3,2,1,1,3,1,FALSE
EMP-100435,16328.0,16,1,4,4,4,2,3,3,No
EMP-100436,9910.0,12,2,3,4,3,4,3,4,no
EMP-100437,5634.0,20,3,3,2,1,2,3,1,Y
EMP-100438,17766.0,12,2,3,3,4,4,4,4,FALSE
EMP-100439,8139.0,16,0,3,2,3,1,3,2,yes
EMP-100440,16207.0,22,3,3,3,2,3,1,3,N
EMP-100441,14697.0,18,3,3,2,3,2,3,2,Y
EMP-100442,18478.0,12,0,4,2,1,1,3,4,Y
EMP-100443,6936.0,19,3,3,1,3,1,2,2,Yes
EMP-100444,17126.0,23,2,3,2,3,3,3,3,TRUE
EMP-100445,9409.0,22,2,3,1,2,2,2,1,no
EMP-100446,21634.0,24,1,3,4,4,1,2,2,N
EMP-100447,18901.0,19,0,3,3,3,4,4,3,Yes
EMP-100448,19887.0,25,3,3,3,2,3,2,4,no
EMP-100449,17912.0,24,3,3,1,1,4,2,2,FALSE
EMP-100450,16723.0,14,3,3,3,4,2,1,1,N
EMP-100451,14855.0,14,2,3,3,1,4,1,2,No
EMP-100452,14786.0,14,0,3,2,4,3,2,4,N
EMP-100453,8173.0,21,2,3,1,3,1,4,4,FALSE
EMP-100454,12512.0,15,3,3,3,3,3,1,4,FALSE
EMP-100455,7526.0,18,2,3,4,4,1,1,2,FALSE
EMP-100457,16127.0,21,3,3,2,1,4,3,2,FALSE
EMP-100458,17962.0,15,2,3,4,1,3,1,1,N
EMP-100459,9807.0,24,3,3,3,3,3,2,3,Yes
EMP-100460,19861.0,12,2,4,3,4,1,2,2,TRUE
EMP-100461,13977.0,25,1,3,1,4,3,2,1,No
EMP-100462,17957.0,21,2,3,3,1,2,4,4,FALSE
EMP-100463,22922.0,21,1,3,1,3,2,2,2,no
EMP-100464,18564.0,18,1,3,3,4,4,3,2,TRUE
EMP-100465,10907.0,11,2,3,4,4,4,4,2,FALSE
EMP-100466,7903.0,25,0,4,2,1,3,1,1,yes
EMP-100467,6023.0,17,0,3,4,1,4,4,2,FALSE
EMP-100468,5162.0,13,2,3,2,4,3,2,2,No
EMP-100469,11472.0,14,2,3,1,3,4,4,3,Y
EMP-100470,16299.0,24,3,3,3,2,2,4,1,no
EMP-100471,19595.0,25,3,3,4,4,1,4,3,Y
EMP-100472,9959.0,18,2,3,3,4,1,4,3,No
EMP-100473,18377.0,13,0,3,1,3,2,3,3,No
EMP-100474,11842.0,22,3,4,2,4,1,4,3,no
EMP-100475,12248.0,23,3,3,4,2,3,2,4,no
EMP-100476,6390.0,23,0,3,2,3,3,1,2,No
EMP-100477,16165.0,17,2,3,2,2,2,3,3,Yes
EMP-100478,8486.0,22,0,3,1,2,2,4,1,Yes
EMP-100479,10422.0,11,1,3,2,4,2,1,2,No
EMP-100480,8842.0,19,3,3,1,2,2,3,3,No
EMP-100481,11446.0,23,3,3,2,4,1,2,3,Y
EMP-100482,12809.0,16,3,3,2,4,1,2,1,yes
EMP-100483,7716.0,13,0,3,4,3,1,1,4,yes
EMP-100484,7354.0,17,0,4,1,3,3,4,1,no
EMP-100485,20612.0,25,2,3,3,3,4,1,4,TRUE
EMP-100486,,23,3,3,3,4,3,3,4,Yes
EMP-100487,19849.0,15,1,3,3,2,4,1,4,yes
EMP-100488,9030.0,18,2,3,4,2,2,1,3,N
EMP-100489,13660.0,18,0,3,4,3,2,4,3,yes
EMP-100490,14714.0,22,1,3,2,3,1,2,4,N
EMP-100491,10444.0,19,2,3,2,4,1,4,4,FALSE
EMP-100492,12709.0,16,0,3,3,1,4,2,3,No
EMP-100493,8763.0,14,1,3,2,1,4,4,4,TRUE
EMP-100494,16040.0,23,2,3,2,4,1,2,3,N
EMP-100495,5025.0,12,1,3,4,1,2,4,4,FALSE
EMP-100496,14581.0,13,0,3,3,1,1,2,3,yes
EMP-100497,13874.0,15,2,3,1,1,2,2,1,FALSE
EMP-100498,13079.0,18,0,3,3,3,2,2,4,no
EMP-100499,17314.0,22,3,3,4,2,3,2,4,TRUE
EMP-100500,7317.0,20,3,3,3,2,3,4,1,No
EMP-100501,6581.0,12,1,3,1,3,4,3,2,FALSE
EMP-100502,21026.0,15,3,3,2,3,2,2,4,N
EMP-100503,9661.0,24,0,4,3,3,1,2,2,No
EMP-100504,19634.0,19,1,3,4,1,2,2,1,TRUE
EMP-100505,7715.0,12,2,4,4,4,4,2,4,Yes
EMP-100506,17537.0,25,0,3,3,4,2,2,2,FALSE
EMP-100507,10147.0,18,2,3,2,1,2,1,4,No
EMP-100508,21047.0,13,2,3,2,1,4,1,4,no
EMP-100509,18979.0,18,2,3,4,3,2,2,3,no
EMP-100510,15394.0,14,2,3,4,3,3,2,2,No
EMP-100511,15823.0,14,0,3,1,2,4,2,3,N
EMP-100512,17960.0,22,3,3,2,3,3,3,3,N
EMP-100513,22498.0,17,0,3,3,1,4,4,2,Yes
EMP-100514,17605.0,15,3,3,4,2,2,2,2,N
EMP-100515,13564.0,14,2,3,4,3,3,3,3,No
EMP-100516,15086.0,17,3,3,4,2,3,3,4,No
EMP-100517,13768.0,22,2,3,4,2,1,2,4,N
EMP-100518,7931.0,13,1,4,2,3,3,4,1,yes
EMP-100519,14957.0,25,2,3,4,4,3,1,4,No
EMP-100520,11734.0,19,3,3,2,1,2,2,2,No
EMP-100521,13520.0,24,1,3,1,1,3,2,2,no
EMP-100522,18459.0,23,1,3,1,2,3,1,1,Y
EMP-100523,15691.0,15,2,3,3,4,3,4,2,yes
EMP-100524,9572.0,22,0,3,4,4,2,1,3,no
EMP-100525,19649.0,13,3,3,3,3,4,2,1,No
EMP-100526,16344.0,12,1,3,2,3,2,2,1,N
EMP-100527,8044.0,17,0,3,3,1,3,3,4,no
EMP-100528,13309.0,22,2,3,3,3,4,1,4,No
EMP-100529,18570.0,17,2,3,4,3,2,3,3,yes
EMP-100530,20500.0,22,2,3,2,2,2,3,3,yes
EMP-100531,17768.0,23,2,4,2,4,4,3,4,no
EMP-100532,6932.0,15,3,3,4,4,1,3,4,TRUE
EMP-100533,11333.0,14,1,4,2,3,3,1,3,N
EMP-100534,18245.0,23,3,3,1,3,1,1,4,Yes
EMP-100535,22504.0,21,1,3,4,3,3,1,1,N
EMP-100536,17094.0,12,0,3,4,1,3,2,3,no
EMP-100537,22284.0,12,0,3,4,1,1,4,4,no
EMP-100538,18935.0,17,1,3,1,2,1,3,2,N
EMP-100539,6980.0,20,2,3,2,1,3,2,2,No
EMP-100540,20960.0,17,0,3,1,4,4,1,3,N
EMP-100541,9851.0,14,3,3,1,1,4,1,2,No
EMP-100542,8917.0,24,1,3,1,4,1,2,2,yes
EMP-100543,10865.0,14,0,4,3,1,1,3,1,FALSE
EMP-100544,16840.0,14,1,3,2,1,2,1,3,No
EMP-100545,20466.0,21,2,4,2,2,4,3,2,no
EMP-100546,17359.0,12,1,3,4,3,4,3,4,FALSE
EMP-100547,21163.0,23,0,3,4,3,3,4,3,yes
EMP-100548,19615.0,23,1,3,3,3,2,1,3,No
EMP-100549,10184.0,19,0,3,1,2,3,2,2,TRUE
EMP-100550,7467.0,11,0,3,4,4,2,4,2,FALSE
EMP-100551,7094.0,25,0,3,2,1,4,3,1,Yes
EMP-100552,12607.0,18,3,3,4,2,3,2,4,N
EMP-100553,9165.0,16,2,3,1,4,2,4,1,No
EMP-100554,21583.0,25,2,3,3,2,3,4,1,FALSE
EMP-100555,6216.0,23,1,3,1,2,2,4,4,FALSE
EMP-100556,15724.0,20,1,3,4,4,1,3,2,FALSE
EMP-100557,18467.0,17,0,3,3,3,3,3,1,N
EMP-100558,,22,2,4,3,1,1,1,3,Y
EMP-100559,19859.0,15,1,3,1,3,2,4,1,FALSE
EMP-100560,18633.0,16,1,3,4,2,3,2,4,No
EMP-100561,15506.0,16,2,3,1,4,2,3,1,N
EMP-100562,14734.0,23,0,3,4,2,2,4,1,FALSE
EMP-100563,13910.0,19,1,3,4,3,1,2,3,No
EMP-100564,17038.0,20,0,3,2,3,3,3,4,no
EMP-100565,17207.0,23,2,3,3,3,4,2,3,N
EMP-100566,18671.0,14,2,3,4,1,2,2,2,FALSE
EMP-100567,13261.0,22,1,4,1,3,1,1,4,No
EMP-100568,16352.0,21,1,3,1,1,4,3,1,no
EMP-100569,10763.0,22,2,3,2,1,1,3,3,No
EMP-100570,6581.0,23,0,3,2,3,1,3,3,TRUE
EMP-100571,5136.0,15,0,3,2,4,1,3,4,yes
EMP-100572,15175.0,14,3,4,3,2,2,1,3,Y
EMP-100573,16893.0,11,2,3,2,2,4,1,4,yes
EMP-100574,8875.0,20,1,3,3,1,2,4,2,Yes
EMP-100575,20723.0,16,2,4,2,1,2,3,4,FALSE
EMP-100576,17472.0,15,1,3,3,1,3,2,4,N
EMP-100577,10388.0,14,0,3,4,2,4,1,2,No
EMP-100578,17176.0,16,1,3,2,1,3,2,2,No
EMP-100579,15402.0,22,3,3,3,4,1,2,1,FALSE
EMP-100580,6189.0,15,0,3,4,4,4,2,3,Y
EMP-100582,15308.0,12,2,3,4,2,2,4,2,No
EMP-100583,11234.0,23,1,4,2,3,1,3,3,N
EMP-100584,22946.0,16,0,3,1,2,2,1,3,FALSE
EMP-100585,11207.0,14,1,3,3,3,3,3,1,No
EMP-100586,20256.0,21,3,3,1,3,1,4,1,Y
EMP-100587,7981.0,25,0,3,3,1,2,4,4,no
EMP-100588,8720.0,23,3,3,1,4,2,2,1,FALSE
EMP-100589,11945.0,20,0,3,2,1,2,3,2,N
EMP-100590,17153.0,13,2,3,1,3,1,2,2,Y
EMP-100591,8200.0,24,2,3,2,1,3,4,3,No
EMP-100592,20363.0,18,1,4,3,3,4,3,1,No
EMP-100593,17344.0,22,3,3,2,1,2,3,4,FALSE
EMP-100594,9843.0,19,3,3,1,4,1,1,4,No
EMP-100595,10652.0,25,0,3,4,4,4,4,4,FALSE
EMP-100596,18000.0,17,2,3,3,2,2,4,4,No
EMP-100597,7870.0,12,1,4,4,3,1,1,3,TRUE
EMP-100598,10258.0,18,2,3,4,3,3,4,1,N
EMP-100599,14120.0,21,3,3,4,1,2,2,1,N
EMP-100600,11987.0,23,1,3,4,2,1,2,1,Yes
EMP-100601,7351.0,23,2,3,4,4,2,2,1,yes
EMP-100602,18031.0,21,2,3,1,1,1,3,4,FALSE
EMP-100603,23166.0,15,0,3,2,2,3,2,4,Yes
EMP-100604,7629.0,25,0,3,2,4,3,4,3,TRUE
EMP-100605,17189.0,25,3,3,4,1,1,1,3,N
EMP-100606,8043.0,25,2,3,1,4,4,2,4,No
EMP-100607,13143.0,21,0,3,4,3,3,2,2,FALSE
EMP-100608,16522.0,20,2,3,4,2,2,3,1,no
EMP-100609,14786.0,17,1,3,3,4,3,4,3,FALSE
EMP-100610,18397.0,15,2,3,1,2,2,1,4,no
EMP-100611,19786.0,12,2,3,4,1,3,4,1,N
EMP-100612,8143.0,22,3,3,2,2,3,2,1,Yes
EMP-100613,10823.0,22,1,3,3,1,2,4,4,yes
EMP-100614,11161.0,22,1,3,4,2,3,1,2,no
EMP-100615,14672.0,14,0,3,4,1,2,2,2,N
EMP-100616,17653.0,23,1,3,4,1,2,4,3,no
EMP-100617,16133.0,21,3,3,1,1,3,1,4,FALSE
EMP-100618,11439.0,15,0,3,4,4,3,2,3,yes
EMP-100619,14368.0,16,2,3,2,3,2,2,2,N
EMP-100620,21585.0,15,1,3,3,2,1,4,3,No
EMP-100621,9519.0,20,2,3,1,3,3,3,3,N
EMP-100622,19307.0,21,0,3,3,3,4,3,2,N
EMP-100623,7837.0,25,1,3,2,3,3,1,1,TRUE
EMP-100624,12806.0,11,0,3,4,3,1,4,1,no
EMP-100625,15515.0,11,0,3,1,2,1,1,2,N
EMP-100626,,25,1,3,4,2,3,4,1,N
EMP-100627,13287.0,13,1,4,1,3,3,1,4,N
EMP-100628,17632.0,19,0,3,4,2,4,1,1,N
EMP-100629,6806.0,21,3,3,2,2,3,4,2,TRUE
EMP-100630,10698.0,12,1,3,2,1,1,3,4,Yes
EMP-100631,23232.0,20,0,4,4,2,4,1,3,No
EMP-100632,6328.0,15,2,4,2,4,3,4,2,No
EMP-100633,16292.0,19,2,4,4,3,4,4,2,N
EMP-100634,10458.0,17,1,4,1,2,4,4,1,no
EMP-100635,10971.0,21,1,3,2,3,1,2,4,FALSE
EMP-100636,5961.0,18,2,3,1,2,1,4,2,yes
EMP-100637,9138.0,12,0,3,4,3,2,4,4,No
EMP-100638,,15,0,3,1,4,1,2,4,yes
EMP-100639,,19,0,3,3,2,2,2,1,yes
EMP-100640,20163.0,11,3,3,4,2,1,3,2,Y
EMP-100641,7919.0,11,1,3,2,4,1,4,4,FALSE
EMP-100642,8173.0,20,3,3,2,2,2,1,4,No
EMP-100643,21218.0,18,3,3,3,3,2,2,3,yes
EMP-100644,16110.0,12,3,3,4,4,2,2,1,FALSE
EMP-100645,13449.0,19,3,4,4,1,4,3,2,FALSE
EMP-100646,12148.0,20,0,3,4,3,2,3,4,No
EMP-100647,18849.0,19,1,3,4,2,4,3,1,FALSE
EMP-100648,17824.0,14,1,3,1,3,4,4,2,yes
EMP-100649,11616.0,12,3,4,4,4,2,4,4,TRUE
EMP-100650,20737.0,13,1,3,1,2,2,4,2,no
EMP-100651,13877.0,20,2,3,1,2,2,2,2,yes
EMP-100652,18514.0,11,0,3,2,4,1,3,1,FALSE
EMP-100653,7159.0,13,1,3,4,1,1,2,1,Y
EMP-100654,18507.0,15,0,3,1,2,2,1,3,FALSE
EMP-100655,19291.0,13,2,3,4,2,3,4,3,Y
EMP-100656,15394.0,13,0,3,3,2,2,2,3,No
EMP-100657,13469.0,20,2,3,1,1,3,1,4,Yes
EMP-100658,8388.0,16,3,3,2,3,1,2,3,FALSE
EMP-100659,10297.0,13,1,4,4,1,1,1,2,Y
EMP-100660,20086.0,13,3,3,2,3,3,2,1,No
EMP-100661,7253.0,25,1,3,1,2,1,2,2,no
EMP-100662,10148.0,19,3,3,1,3,2,4,1,FALSE
EMP-100663,15681.0,12,2,3,2,3,3,2,1,No
EMP-100664,15482.0,11,1,3,4,3,3,2,2,No
EMP-100665,23463.0,20,3,3,1,3,4,3,2,TRUE
EMP-100666,9503.0,18,0,4,3,2,1,2,4,No
EMP-100667,15474.0,23,0,3,2,4,3,4,1,FALSE
EMP-100668,18520.0,24,3,4,1,1,3,2,3,FALSE
EMP-100669,8919.0,13,2,3,4,3,3,4,4,no
EMP-100670,5643.0,17,3,4,1,2,1,3,3,yes
EMP-100671,7907.0,12,0,3,4,2,3,4,4,no
EMP-100672,19264.0,21,1,3,4,2,3,3,1,TRUE
EMP-100673,6600.0,21,1,3,1,2,2,3,2,N
EMP-100674,23699.0,22,3,3,3,3,2,3,2,FALSE
EMP-100675,12877.0,18,1,3,4,1,4,3,1,no
EMP-100676,10501.0,19,0,3,2,2,3,3,2,No
EMP-100677,16385.0,18,1,3,4,1,1,4,1,Yes
EMP-100678,23258.0,18,3,3,4,1,4,3,1,No
EMP-100680,22742.0,24,3,4,4,4,4,3,4,N
EMP-100681,18620.0,17,0,3,1,2,3,3,2,Yes
EMP-100682,5875.0,12,2,3,3,2,4,3,4,FALSE
EMP-100683,6891.0,18,1,3,4,2,1,1,3,No
EMP-100684,11465.0,15,3,4,1,1,2,2,1,yes
EMP-100685,21201.0,16,2,3,1,2,2,2,2,No
EMP-100686,9511.0,14,3,3,4,2,3,3,3,Yes
EMP-100687,10876.0,11,3,3,2,1,1,3,1,no
EMP-100689,6089.0,15,0,3,4,3,1,3,4,No
EMP-100690,15593.0,13,2,3,4,4,3,1,4,no
EMP-100691,18353.0,19,3,3,1,3,1,2,2,Yes
EMP-100692,8215.0,14,1,3,4,3,2,4,3,No
EMP-100693,18971.0,20,1,3,4,3,1,2,3,Yes
EMP-100694,8186.0,12,1,3,1,1,1,4,4,FALSE
EMP-100695,21743.0,14,2,4,4,2,3,4,4,yes
EMP-100696,8851.0,13,0,3,4,3,4,4,2,N
EMP-100697,14243.0,13,2,3,4,3,4,3,1,No
EMP-100698,17479.0,15,0,4,1,2,3,1,2,no
EMP-100699,7939.0,11,1,3,4,1,3,4,4,No
EMP-100700,8892.0,15,1,3,2,3,3,1,2,no
EMP-100701,15319.0,18,0,3,4,2,3,2,1,Yes
EMP-100702,19797.0,25,1,3,2,2,1,4,4,No
EMP-100703,8822.0,25,2,4,4,4,1,2,1,Yes
EMP-100704,6710.0,20,0,3,1,3,4,1,2,FALSE
EMP-100705,8358.0,22,1,3,2,3,3,1,1,N
EMP-100706,9731.0,19,3,3,4,4,3,2,4,FALSE
EMP-100708,6905.0,11,3,4,4,2,3,2,1,No
EMP-100709,10889.0,24,1,3,4,3,2,1,2,no
EMP-100710,,12,3,3,1,3,1,3,2,No
EMP-100711,12018.0,12,1,3,3,4,2,2,2,no
EMP-100712,18918.0,16,3,3,2,3,1,4,2,yes
EMP-100713,6824.0,11,0,3,4,3,1,4,3,no
EMP-100714,16332.0,21,0,3,1,1,1,4,3,No
EMP-100715,12517.0,11,3,3,3,4,4,1,1,N
EMP-100716,7645.0,12,1,3,1,2,4,2,3,FALSE
EMP-100717,14680.0,25,2,3,4,3,1,1,3,No
EMP-100718,5565.0,22,2,3,3,2,1,4,3,FALSE
EMP-100719,14912.0,23,2,3,2,3,1,3,1,TRUE
EMP-100720,17991.0,14,2,3,2,1,1,4,3,yes
EMP-100721,10425.0,12,3,3,1,4,3,4,2,yes
EMP-100722,16234.0,14,0,4,2,4,3,4,2,FALSE
EMP-100723,14159.0,13,0,3,2,2,3,3,1,FALSE
EMP-100724,12082.0,13,2,3,3,1,4,3,1,no
EMP-100725,7980.0,25,0,3,2,2,2,2,1,N
EMP-100726,7266.0,19,3,3,3,1,1,3,4,Yes
EMP-100727,9335.0,18,2,3,3,3,3,2,3,No
EMP-100728,7448.0,22,3,3,3,3,3,3,1,N
EMP-100729,15563.0,22,3,3,2,1,3,2,1,FALSE
EMP-100730,16865.0,20,1,3,1,3,1,4,1,Yes
EMP-100731,16119.0,19,3,4,1,4,1,3,2,N
EMP-100732,20778.0,11,1,3,2,1,2,1,1,yes
EMP-100733,15979.0,22,2,3,3,1,4,1,2,N
EMP-100734,6803.0,15,3,3,2,2,2,2,2,TRUE
EMP-100735,5908.0,22,0,3,4,1,1,3,4,FALSE
EMP-100736,18323.0,22,2,3,1,2,2,3,1,Y
EMP-100737,14055.0,14,3,3,3,1,3,1,4,N
EMP-100738,12267.0,21,3,3,2,4,2,3,1,No
EMP-100739,16340.0,24,0,3,3,4,3,3,3,Yes
EMP-100740,10887.0,19,1,3,4,4,2,2,1,FALSE
EMP-100741,19994.0,24,3,3,3,2,3,4,1,Yes
EMP-100742,17172.0,13,3,3,4,2,2,1,1,no
EMP-100743,11402.0,15,0,3,1,3,4,4,1,no
EMP-100744,11874.0,18,2,3,3,2,2,3,1,no
EMP-100745,14398.0,20,3,3,2,2,1,3,1,FALSE
EMP-100746,11565.0,25,1,3,3,4,1,2,4,yes
EMP-100747,6345.0,15,1,3,3,1,3,4,3,FALSE
EMP-100748,13417.0,19,0,3,4,2,1,4,4,No
EMP-100749,9674.0,12,1,3,4,3,3,2,3,no
EMP-100750,7565.0,16,3,4,2,1,4,4,4,FALSE
EMP-100751,,15,1,3,1,2,1,2,4,Y
EMP-100752,20435.0,19,3,3,1,1,1,2,1,no
EMP-100753,13911.0,17,0,3,4,1,3,3,4,FALSE
EMP-100754,18407.0,18,1,3,2,1,4,3,3,no
EMP-100755,18710.0,17,3,3,3,1,4,3,2,No
EMP-100756,24410.0,23,2,3,2,1,2,2,3,yes
EMP-100757,15743.0,20,3,3,2,2,3,3,4,no
EMP-100758,17997.0,20,3,3,2,1,3,1,2,N
EMP-100759,22360.0,15,0,3,1,1,4,1,1,TRUE
EMP-100760,7470.0,21,3,3,3,3,3,3,2,No
EMP-100761,23666.0,23,0,3,2,3,1,2,1,TRUE
EMP-100762,10567.0,24,3,3,1,1,1,1,3,FALSE
EMP-100763,22570.0,15,3,3,1,2,1,3,2,no
EMP-100764,18702.0,23,3,3,4,3,3,1,2,TRUE
EMP-100765,19358.0,21,0,3,3,3,2,1,2,Yes
EMP-100766,9451.0,14,3,3,2,1,2,1,1,No
EMP-100767,12567.0,12,0,4,3,2,4,4,1,no
EMP-100768,15839.0,24,2,3,4,4,3,1,3,no
EMP-100769,6936.0,19,0,3,4,2,4,3,3,no
EMP-100770,5823.0,20,2,3,2,3,3,1,4,yes
EMP-100771,7670.0,20,0,3,1,3,2,3,1,yes
EMP-100772,18104.0,22,0,3,4,3,1,1,3,yes
EMP-100773,6661.0,20,3,3,1,3,3,1,2,no
EMP-100774,,20,1,4,4,3,2,4,2,No
EMP-100775,16507.0,13,1,3,3,1,2,1,2,no
EMP-100776,6781.0,21,3,3,2,1,2,3,3,FALSE
EMP-100777,9848.0,21,2,3,4,1,1,4,2,N
EMP-100778,12341.0,13,3,3,3,3,2,4,2,TRUE
EMP-100779,9645.0,13,1,3,4,1,4,1,1,TRUE
EMP-100780,16791.0,18,0,3,2,3,2,1,1,yes
EMP-100781,12800.0,16,3,3,3,2,2,2,3,No
EMP-100782,8351.0,11,2,3,1,4,3,1,1,N
EMP-100783,7690.0,22,3,3,4,2,3,2,4,N
EMP-100784,19791.0,23,1,3,4,4,3,3,3,yes
EMP-100785,19030.0,25,0,4,3,1,2,1,4,N
EMP-100786,17716.0,24,1,3,2,4,2,1,4,FALSE
EMP-100787,6733.0,13,1,4,4,2,4,2,3,FALSE
EMP-100788,18266.0,14,1,3,3,2,1,2,1,FALSE
EMP-100789,17601.0,23,1,3,2,4,2,4,1,FALSE
EMP-100790,15409.0,12,0,4,4,2,1,4,3,FALSE
EMP-100791,14902.0,16,1,4,3,1,2,1,4,TRUE
EMP-100792,20052.0,20,2,4,2,2,1,3,3,No
EMP-100793,10024.0,22,2,3,4,4,3,4,3,Y
EMP-100794,18528.0,11,1,3,4,1,2,4,2,FALSE
EMP-100795,11366.0,11,2,3,2,4,4,4,2,Y
EMP-100796,18338.0,18,1,3,2,3,1,2,4,No
EMP-100797,14318.0,14,0,3,3,3,3,1,1,FALSE
EMP-100798,12719.0,25,0,3,4,1,4,2,2,No
EMP-100799,15008.0,25,2,3,4,1,3,3,2,no
EMP-100800,16662.0,11,2,3,3,2,2,2,4,yes
EMP-100801,11416.0,17,1,3,4,4,4,1,3,yes
EMP-100802,20618.0,19,3,3,4,3,1,2,2,FALSE
EMP-100803,7470.0,20,1,3,4,2,1,3,1,no
EMP-100804,22014.0,17,1,3,1,3,4,1,4,N
EMP-100805,15751.0,11,0,3,2,2,1,1,2,FALSE
EMP-100806,12660.0,11,3,3,1,2,3,1,4,No
EMP-100807,13614.0,22,3,4,1,3,4,1,2,yes
EMP-100808,10649.0,11,1,4,2,2,1,3,2,TRUE
EMP-100809,14805.0,25,0,3,1,3,3,1,4,No
EMP-100810,23224.0,18,2,3,3,1,1,3,1,N
EMP-100811,18456.0,17,0,3,1,4,3,3,1,N
EMP-100812,15817.0,24,2,3,3,2,2,2,3,Yes
EMP-100813,11170.0,13,0,3,2,3,3,2,2,FALSE
EMP-100814,20154.0,13,3,3,4,3,1,1,3,FALSE
EMP-100815,7293.0,22,0,3,2,4,3,4,4,TRUE
EMP-100817,17852.0,12,2,3,1,4,4,1,4,N
EMP-100818,8955.0,24,0,3,2,2,4,3,1,no
EMP-100819,13893.0,24,0,4,2,3,2,2,4,no
EMP-100820,10152.0,14,2,3,3,2,3,1,4,no
EMP-100821,13692.0,17,0,3,4,2,2,1,3,FALSE
EMP-100822,16334.0,19,2,3,1,1,4,3,2,Y
EMP-100823,21061.0,13,3,3,4,4,3,2,3,no
EMP-100824,8775.0,20,2,4,4,1,3,4,1,N
EMP-100825,15831.0,17,2,3,4,1,2,4,1,FALSE
EMP-100826,9796.0,22,3,4,1,2,2,1,1,N
EMP-100827,13234.0,25,0,4,2,2,3,1,2,no
EMP-100828,13106.0,14,0,3,4,3,3,1,3,FALSE
EMP-100829,7412.0,11,3,3,1,1,3,1,4,No
EMP-100830,6978.0,15,1,3,2,4,2,1,4,TRUE
EMP-100831,6708.0,18,2,4,4,1,1,4,2,No
EMP-100832,10367.0,13,0,4,3,3,4,1,1,FALSE
EMP-100833,17508.0,20,0,3,1,1,4,2,2,N
EMP-100834,14702.0,14,2,3,4,1,2,3,4,yes
EMP-100835,19539.0,25,2,3,1,1,3,4,1,N
EMP-100836,5487.0,13,2,3,3,3,4,3,2,No
EMP-100837,10165.0,25,1,3,1,1,4,3,4,no
EMP-100838,8380.0,20,3,3,2,2,4,1,4,no
EMP-100839,9833.0,24,1,3,4,1,4,3,2,N
EMP-100840,21265.0,24,1,3,1,2,3,2,4,No
EMP-100841,17854.0,18,2,3,1,1,2,1,3,FALSE
EMP-100842,5739.0,20,3,3,4,2,3,4,3,Y
EMP-100843,21559.0,18,0,3,3,1,3,2,1,no
EMP-100844,7141.0,24,2,3,3,4,4,4,3,no
EMP-100845,20156.0,14,3,3,4,2,4,1,3,no
EMP-100846,17543.0,21,0,3,4,4,3,1,2,Y
EMP-100847,17382.0,12,1,4,2,2,3,4,1,No
EMP-100848,8916.0,22,3,3,1,1,3,3,2,FALSE
EMP-100849,14055.0,13,1,3,1,3,1,4,2,N
EMP-100850,6833.0,13,1,3,3,1,4,2,3,yes
EMP-100852,8420.0,21,0,3,1,4,2,1,4,Yes
EMP-100853,11318.0,23,3,3,2,3,2,2,4,N
EMP-100854,6343.0,12,0,3,4,3,1,2,1,FALSE
EMP-100855,13701.0,12,2,3,1,3,1,1,3,N
EMP-100856,13239.0,13,2,3,4,3,2,3,4,N
EMP-100857,12068.0,22,2,3,3,4,2,1,2,No
EMP-100858,10834.0,11,1,3,3,3,2,2,3,Y
EMP-100860,20738.0,16,1,3,3,2,4,2,1,no
EMP-100861,12892.0,13,0,3,4,2,1,1,2,no
EMP-100862,14900.0,11,3,3,4,1,1,4,4,N
EMP-100863,16595.0,13,3,3,4,4,3,2,2,Y
EMP-100864,7961.0,11,1,3,3,1,1,2,4,No
EMP-100865,13647.0,13,1,3,3,1,2,3,3,Y
EMP-100866,8302.0,14,1,3,3,3,1,4,1,no
EMP-100867,11730.0,16,0,4,4,3,3,3,4,yes
EMP-100868,21099.0,17,0,3,2,4,4,2,2,no
EMP-100869,13621.0,17,2,3,3,4,2,4,3,Y
EMP-100870,22067.0,19,2,3,2,2,1,3,4,Y
EMP-100871,7252.0,18,3,3,3,4,2,1,3,N
EMP-100872,13221.0,23,2,3,1,1,4,3,3,FALSE
EMP-100873,10903.0,14,0,3,1,2,1,4,2,FALSE
EMP-100874,9046.0,16,0,4,1,2,2,3,2,no
EMP-100875,16907.0,21,0,3,2,3,3,4,3,TRUE
EMP-100876,,11,0,3,3,3,3,4,3,FALSE
EMP-100877,20542.0,18,3,3,4,2,4,3,4,FALSE
EMP-100878,11697.0,16,3,3,2,3,4,3,2,No
EMP-100879,8926.0,12,0,3,3,3,4,1,4,No
EMP-100880,11510.0,18,1,3,1,3,1,3,1,no
EMP-100881,16063.0,14,2,3,2,2,4,4,4,Y
EMP-100882,18269.0,19,3,3,3,2,1,2,3,no
EMP-100883,6984.0,14,1,3,4,2,2,3,1,TRUE
EMP-100884,15113.0,11,2,4,2,1,3,3,4,no
EMP-100885,22233.0,17,1,3,4,2,2,4,1,N
EMP-100886,12744.0,20,0,3,2,3,3,2,2,No
EMP-100887,15661.0,15,2,3,1,2,4,1,4,Yes
EMP-100888,11116.0,20,1,3,1,1,2,2,4,FALSE
EMP-100889,12136.0,21,3,4,1,3,2,4,2,yes
EMP-100890,17037.0,22,3,3,4,4,4,4,4,no
EMP-100891,13507.0,15,3,3,1,2,2,4,1,No
EMP-100892,7301.0,14,2,3,4,2,1,4,2,TRUE
EMP-100893,19487.0,16,0,3,4,4,3,2,1,Yes
EMP-100894,11110.0,11,0,3,4,3,4,2,4,TRUE
EMP-100895,8216.0,13,2,3,1,2,1,2,4,FALSE
EMP-100896,5851.0,21,2,3,3,1,1,3,4,FALSE
EMP-100897,17066.0,22,0,3,4,3,4,4,4,No
EMP-100898,8316.0,17,3,4,3,2,2,3,1,FALSE
EMP-100899,18226.0,21,0,3,4,3,3,3,4,FALSE
EMP-100900,6275.0,18,0,3,1,2,1,3,2,No
EMP-100901,20862.0,22,1,3,1,4,2,1,2,N
EMP-100902,7356.0,19,3,3,1,2,4,3,3,No
EMP-100903,8803.0,11,2,4,2,3,4,4,2,TRUE
EMP-100904,6666.0,14,0,3,1,2,3,3,3,no
EMP-100905,20570.0,12,3,3,3,2,4,4,2,no
EMP-100906,7450.0,12,2,3,4,3,3,1,2,TRUE
EMP-100907,6737.0,11,1,3,3,2,4,2,4,Yes
EMP-100908,5178.0,15,1,3,2,2,4,4,2,yes
EMP-100909,21777.0,12,3,3,3,3,1,3,4,No
EMP-100910,6881.0,14,0,3,4,4,2,4,4,Yes
EMP-100911,18500.0,19,2,3,4,1,1,3,2,N
EMP-100912,18969.0,21,3,3,1,1,3,2,1,N
EMP-100913,18958.0,13,1,4,2,1,1,4,4,Y
EMP-100914,9494.0,25,2,3,2,1,4,3,2,N
EMP-100915,17591.0,18,2,3,3,1,4,4,1,N
EMP-100916,14210.0,20,0,3,1,1,2,2,2,TRUE
EMP-100917,18188.0,23,1,3,1,3,3,2,2,FALSE
EMP-100918,19097.0,16,1,3,1,3,4,2,1,no
EMP-100920,10563.0,15,2,3,2,2,2,4,4,yes
EMP-100921,11703.0,12,1,3,3,4,4,3,3,No
EMP-100922,15835.0,21,3,4,3,4,4,2,3,No
EMP-100923,18786.0,23,1,3,3,1,3,3,2,FALSE
EMP-100924,14101.0,13,2,3,1,1,2,4,3,Y
EMP-100925,20297.0,18,1,3,2,3,2,1,3,TRUE
EMP-100926,19202.0,25,1,3,2,4,2,2,3,FALSE
EMP-100927,20923.0,22,2,3,4,2,3,3,4,TRUE
EMP-100928,16771.0,22,1,3,4,2,2,2,4,Y
EMP-100929,10948.0,19,0,3,4,3,1,3,3,yes
EMP-100930,17787.0,21,2,3,3,1,1,3,1,No
EMP-100931,20563.0,21,1,3,3,4,2,1,1,Yes
EMP-100932,17215.0,17,0,3,2,2,1,4,1,yes
EMP-100933,22195.0,11,3,3,4,1,1,2,4,N
EMP-100934,6782.0,22,2,3,3,4,3,4,4,Yes
EMP-100935,5041.0,22,1,3,4,2,2,3,4,no
EMP-100936,13343.0,23,2,3,4,1,3,4,4,No
EMP-100937,10694.0,23,0,3,2,2,2,1,3,N
EMP-100938,5275.0,16,2,4,2,1,4,4,4,N
EMP-100939,17851.0,17,3,3,3,1,1,3,3,No
EMP-100940,14920.0,22,1,3,2,1,3,3,1,FALSE
EMP-100941,17097.0,16,3,3,4,4,3,1,3,No
EMP-100942,13503.0,20,0,3,2,3,4,2,1,No
EMP-100943,16017.0,21,2,3,4,1,4,1,4,Y
EMP-100944,7883.0,23,1,3,4,1,1,2,1,FALSE
EMP-100945,15753.0,12,1,3,3,2,1,3,1,No
EMP-100946,6592.0,23,0,3,3,2,2,4,3,FALSE
EMP-100947,7235.0,19,0,3,3,4,2,3,1,No
EMP-100948,11699.0,13,2,3,4,3,4,1,2,Yes
EMP-100949,13636.0,16,1,3,2,2,1,1,1,No
EMP-100950,19827.0,16,0,3,3,4,1,4,4,FALSE
EMP-100951,7738.0,18,1,3,3,4,4,1,1,Y
EMP-100952,12685.0,23,2,3,2,4,4,3,2,FALSE
EMP-100953,21957.0,14,3,3,2,1,3,4,3,N
EMP-100954,16356.0,25,0,3,3,3,4,2,1,No
EMP-100955,13383.0,16,2,3,4,3,3,1,2,yes
EMP-100956,14060.0,11,3,3,4,3,2,2,4,N
EMP-100957,11475.0,19,2,3,3,1,4,4,4,Yes
EMP-100958,16569.0,22,0,3,2,1,4,1,3,no
EMP-100959,18351.0,19,2,3,4,2,4,4,4,Y
EMP-100960,12575.0,17,1,4,2,2,3,1,2,No
EMP-100961,11029.0,21,0,3,1,2,4,1,1,no
EMP-100962,6059.0,23,1,3,2,4,4,1,2,Y
EMP-100963,16627.0,11,2,3,2,3,1,4,3,No
EMP-100964,9533.0,13,0,3,1,1,1,4,1,FALSE
EMP-100965,15402.0,22,1,3,4,2,1,3,2,No
EMP-100966,15352.0,15,1,3,4,4,4,3,3,no
EMP-100967,9721.0,14,1,3,4,1,1,4,3,N
EMP-100968,21130.0,15,3,3,3,4,2,4,1,TRUE
EMP-100969,7424.0,17,1,3,1,4,1,1,1,N
EMP-100970,8013.0,19,1,3,2,4,4,3,4,No
EMP-100971,16324.0,11,2,3,1,3,1,3,4,No
EMP-100972,6904.0,15,2,3,1,1,1,4,1,no
EMP-100973,16229.0,13,2,3,1,1,1,3,4,Yes
EMP-100974,10371.0,13,2,3,1,4,2,4,1,FALSE
EMP-100975,10695.0,21,3,3,1,3,2,3,4,No
EMP-100976,13407.0,12,2,3,1,4,3,2,2,no
EMP-100977,10187.0,16,2,4,3,2,4,2,3,FALSE
EMP-100978,16931.0,24,2,3,1,1,2,3,1,no
EMP-100979,22262.0,16,1,3,1,1,2,4,1,No
EMP-100980,16189.0,13,3,3,4,3,2,2,1,FALSE
EMP-100981,18342.0,11,2,3,1,1,4,1,2,No
EMP-100982,14055.0,17,1,3,1,1,3,4,3,no
EMP-100983,19765.0,12,0,3,4,1,4,2,4,No
EMP-100984,7950.0,18,3,3,4,3,1,1,4,Yes
EMP-100985,15313.0,13,2,3,4,4,3,2,3,no
EMP-100986,8192.0,11,1,4,2,1,1,2,4,N
EMP-100987,10452.0,20,0,4,1,4,2,1,1,Y
EMP-100988,6846.0,19,0,3,1,3,4,1,3,FALSE
EMP-100989,15650.0,15,1,3,1,4,1,3,2,no
EMP-100990,16983.0,11,1,3,4,2,3,2,3,FALSE
EMP-100991,17365.0,20,3,3,3,1,1,1,1,N
EMP-100992,10979.0,21,1,3,1,3,1,3,3,N
EMP-100993,15645.0,16,2,3,4,3,2,1,2,Y
EMP-100994,6540.0,20,0,3,4,4,1,3,2,No
EMP-100995,17904.0,13,2,3,4,1,1,3,3,N
EMP-100996,14695.0,21,2,3,2,3,2,1,3,No
EMP-100997,18725.0,25,2,3,4,2,3,1,4,TRUE
EMP-100998,19601.0,14,0,4,3,4,2,2,4,No
EMP-100999,13741.0,18,0,3,2,2,1,2,1,N
EMP-101000,16530.0,25,0,3,4,2,4,3,4,no
EMP-101001,12935.0,15,1,3,3,4,2,1,1,N
EMP-101002,9303.0,22,2,3,3,2,2,2,1,no
EMP-101003,9009.0,16,3,3,1,4,1,3,3,FALSE
EMP-101004,7010.0,20,1,3,4,4,4,2,4,No
EMP-101005,21065.0,14,1,3,4,3,3,3,2,N
EMP-101006,13894.0,16,3,3,1,3,4,2,2,TRUE
EMP-101007,17230.0,13,2,3,3,2,2,1,3,no
EMP-101008,19832.0,20,3,3,4,2,4,4,2,FALSE
EMP-101009,19005.0,22,0,3,1,2,3,4,2,FALSE
EMP-101010,10828.0,11,2,3,1,2,4,3,3,no
EMP-101011,10419.0,16,1,4,3,2,4,4,2,Y
EMP-101012,14385.0,24,0,3,3,3,4,4,3,N
EMP-101013,23574.0,23,0,3,4,2,2,3,1,yes
EMP-101014,10597.0,11,1,3,4,2,1,4,4,yes
EMP-101015,9534.0,20,3,3,2,1,1,2,2,FALSE
EMP-101016,,22,0,3,3,4,4,2,3,No
EMP-101017,7356.0,13,0,3,2,4,2,2,2,Y
EMP-101018,21212.0,22,2,3,2,3,2,1,4,no
EMP-101019,11579.0,18,2,3,1,4,2,2,2,No
EMP-101020,10137.0,17,1,3,1,2,1,4,1,Yes
EMP-101021,11445.0,18,1,3,4,4,2,4,3,No
EMP-101022,18094.0,20,1,4,3,3,4,2,4,N
EMP-101023,22453.0,20,3,3,3,4,1,1,1,yes
EMP-101024,15966.0,12,0,3,2,4,2,2,2,N
EMP-101025,12540.0,20,1,3,2,1,4,1,2,No
EMP-101026,7600.0,17,2,3,4,1,1,1,2,N
EMP-101027,17238.0,24,0,3,1,2,2,2,4,N
EMP-101028,21236.0,14,1,3,3,4,3,1,3,N
EMP-101029,11387.0,11,0,3,3,2,4,4,4,N
EMP-101030,16385.0,21,0,3,3,4,3,2,1,No
EMP-101031,18050.0,13,0,3,3,2,1,4,3,TRUE
EMP-101032,6035.0,15,1,3,1,2,2,1,4,no
EMP-101033,18671.0,24,0,3,4,4,4,3,2,N
EMP-101034,14898.0,20,0,3,4,1,4,2,1,N
EMP-101035,14768.0,18,0,3,1,3,4,3,2,yes
EMP-101036,9513.0,12,2,3,4,2,3,3,4,FALSE
EMP-101037,6755.0,12,1,3,4,3,2,3,1,FALSE
EMP-101038,12711.0,18,3,3,2,4,2,3,3,FALSE
EMP-101039,16952.0,24,2,3,1,2,2,4,3,N
EMP-101040,9715.0,19,0,3,4,4,3,2,4,N
EMP-101041,19504.0,20,0,3,2,2,1,4,4,FALSE
EMP-101043,9394.0,23,3,3,1,2,1,2,3,Yes
EMP-101044,17364.0,11,2,3,3,2,3,2,4,No
EMP-101045,10979.0,24,0,4,2,2,2,4,3,TRUE
EMP-101046,16295.0,12,3,3,2,4,2,1,1,No
EMP-101047,19925.0,25,2,3,2,1,2,3,4,N
EMP-101048,8413.0,14,3,3,1,4,3,1,1,TRUE
EMP-101049,15177.0,22,0,3,3,3,4,4,2,no
EMP-101050,15349.0,13,0,3,1,1,3,4,1,FALSE
EMP-101051,7587.0,11,0,3,4,2,1,4,4,N
EMP-101052,6888.0,14,0,3,4,2,3,3,2,N
EMP-101053,11301.0,21,1,3,4,2,1,2,3,N
EMP-101054,6592.0,23,1,3,3,3,3,1,1,No
EMP-101055,18593.0,21,1,3,1,3,4,1,1,no
EMP-101056,11943.0,12,2,4,2,2,4,3,4,FALSE
EMP-101057,8644.0,20,2,3,4,2,2,4,3,TRUE
EMP-101058,10828.0,15,3,4,4,3,4,1,4,yes
EMP-101059,25223.0,11,3,3,1,4,3,2,3,Y
EMP-101060,7030.0,24,2,3,2,1,4,1,4,No
EMP-101061,7095.0,18,3,4,3,1,2,4,3,FALSE
EMP-101062,10537.0,20,2,4,4,3,3,1,2,no
EMP-101063,,12,1,3,4,3,1,4,4,N
EMP-101064,9422.0,21,2,4,4,4,3,2,2,No
EMP-101065,6325.0,13,2,3,2,2,2,3,4,No
EMP-101066,18132.0,13,3,3,4,3,4,4,4,N
EMP-101067,14625.0,14,3,3,2,4,4,4,4,no
EMP-101068,5528.0,17,2,3,4,3,3,1,1,Yes
EMP-101069,8956.0,23,0,3,4,2,1,3,4,N
EMP-101070,11922.0,19,3,3,2,3,1,4,3,no
EMP-101071,20346.0,13,2,4,2,2,1,1,1,no
EMP-101072,13630.0,11,3,3,3,4,1,2,3,No
EMP-101073,9619.0,25,0,4,1,1,3,3,3,No
EMP-101074,12189.0,21,3,3,4,4,4,1,3,No
EMP-101075,9469.0,20,2,3,4,1,1,3,3,FALSE
EMP-101076,6813.0,25,2,3,1,4,3,4,3,TRUE
EMP-101077,13196.0,11,0,3,1,1,3,1,2,no
EMP-101078,17965.0,22,2,3,1,4,3,2,1,No
EMP-101079,13768.0,21,0,3,4,2,1,2,3,No
EMP-101080,19556.0,16,2,3,4,1,1,1,2,Yes
EMP-101081,17358.0,15,2,3,4,1,3,1,2,N
EMP-101082,12981.0,20,3,3,2,2,3,3,3,FALSE
EMP-101083,8371.0,17,3,3,3,2,3,1,4,yes
EMP-101084,21268.0,17,0,3,3,1,4,3,3,N
EMP-101085,10659.0,13,3,3,1,1,4,4,2,N
EMP-101086,9603.0,17,1,3,1,1,2,1,3,N
EMP-101087,10359.0,19,0,3,4,3,2,4,2,Yes
EMP-101088,10565.0,18,1,4,3,4,1,2,3,No
EMP-101089,8947.0,13,0,3,3,2,4,3,2,Y
EMP-101090,17472.0,20,1,3,2,2,2,3,3,no
EMP-101091,9982.0,15,3,3,4,4,3,2,4,FALSE
EMP-101092,20097.0,23,3,4,4,2,3,4,4,Y
EMP-101093,15614.0,23,2,3,3,2,1,3,2,N
EMP-101094,7288.0,24,1,3,3,1,1,2,4,No
EMP-101095,8773.0,18,2,3,2,2,2,2,4,FALSE
EMP-101096,5680.0,12,0,3,2,3,3,2,1,N
EMP-101097,7471.0,24,1,3,4,3,1,1,3,N
EMP-101098,14306.0,24,2,3,2,1,1,4,3,Y
EMP-101099,21433.0,17,0,3,3,1,4,2,4,yes
EMP-101100,6098.0,21,1,3,4,2,2,4,4,FALSE
EMP-101101,14490.0,20,2,3,3,1,1,3,2,Y
EMP-101102,14776.0,20,1,3,4,1,2,1,3,Yes
EMP-101103,17258.0,17,1,3,4,4,3,2,1,No
EMP-101104,15177.0,21,2,3,3,1,2,2,1,yes
EMP-101105,16159.0,22,3,4,4,3,1,2,4,Yes
EMP-101106,19405.0,24,3,3,4,2,4,3,2,FALSE
EMP-101107,8467.0,23,2,3,2,1,2,1,2,TRUE
EMP-101108,6220.0,18,0,4,3,4,2,4,3,no
EMP-101109,15561.0,11,2,3,3,2,3,4,4,yes
EMP-101110,17080.0,18,2,3,2,2,4,4,4,No
EMP-101111,6937.0,24,1,3,4,2,2,4,2,No
EMP-101112,8684.0,11,3,3,1,4,4,4,1,FALSE
EMP-101113,9840.0,13,3,3,1,3,1,4,1,TRUE
EMP-101114,6203.0,19,3,3,3,4,4,4,3,N
EMP-101115,19823.0,14,3,3,2,4,1,1,4,no
EMP-101116,10504.0,20,2,3,4,2,3,1,4,yes
EMP-101117,18578.0,23,1,4,2,4,3,3,1,Yes
EMP-101118,17381.0,19,3,3,4,2,3,2,4,no
EMP-101119,12502.0,11,3,3,3,1,1,1,4,FALSE
EMP-101120,8625.0,18,1,3,3,1,2,2,2,No
EMP-101121,10159.0,13,2,4,1,4,1,3,3,FALSE
EMP-101122,14198.0,21,2,3,2,3,4,1,3,Yes
EMP-101123,20624.0,17,2,3,3,2,4,3,3,FALSE
EMP-101124,18177.0,12,3,3,2,4,1,1,2,N
EMP-101125,17519.0,23,3,3,3,4,3,1,3,N
EMP-101126,16556.0,17,3,3,4,3,3,4,3,yes
EMP-101127,18355.0,17,2,3,4,2,4,2,1,yes
EMP-101128,5941.0,19,3,3,1,4,4,3,1,FALSE
EMP-101129,17457.0,12,0,3,3,3,2,4,3,No
EMP-101130,,18,1,3,1,2,2,1,2,FALSE
EMP-101131,18546.0,15,0,3,1,1,2,1,2,FALSE
EMP-101132,12534.0,20,0,3,3,3,4,3,2,Y
EMP-101133,13306.0,19,3,3,3,4,2,2,4,No
EMP-101134,8814.0,18,1,3,4,1,4,3,4,no
EMP-101135,5999.0,13,0,3,1,2,4,1,2,FALSE
EMP-101136,18234.0,13,2,3,4,3,1,4,1,N
EMP-101137,14508.0,21,2,3,2,1,2,3,4,Y
EMP-101138,11365.0,22,2,3,2,1,1,4,2,Y
EMP-101139,12763.0,20,2,4,1,4,1,2,4,no
EMP-101140,,18,1,3,1,1,2,2,4,No
EMP-101141,11347.0,19,2,3,3,4,4,4,4,yes
EMP-101142,16569.0,12,1,3,3,2,4,2,4,No
EMP-101143,8654.0,13,1,3,1,4,4,4,2,FALSE
EMP-101144,9911.0,24,1,3,1,3,2,4,4,No
EMP-101145,9979.0,24,1,3,2,1,4,4,3,Yes
EMP-101146,6833.0,18,3,3,4,2,1,2,2,yes
EMP-101147,10333.0,12,0,3,2,4,3,4,2,Y
EMP-101148,7424.0,18,3,3,2,4,2,2,2,FALSE
EMP-101149,15121.0,15,0,4,4,4,3,4,4,Yes
EMP-101150,18588.0,16,3,3,1,2,1,4,2,No
EMP-101152,11474.0,20,1,3,2,3,1,4,3,no
EMP-101153,5700.0,25,2,3,2,2,3,4,1,No
EMP-101154,9395.0,22,2,3,4,4,3,2,3,Yes
EMP-101155,19512.0,14,2,3,3,2,4,1,3,no
EMP-101156,,13,3,4,3,4,3,3,4,FALSE
EMP-101157,11700.0,18,2,3,1,3,1,2,3,N
EMP-101158,10850.0,19,1,3,3,3,1,4,3,no
EMP-101159,15007.0,25,1,3,1,4,1,3,1,no
EMP-101160,12719.0,23,0,3,1,2,2,3,3,FALSE
EMP-101161,19486.0,25,3,3,1,2,1,4,2,No
EMP-101162,18436.0,18,1,3,4,1,2,4,2,FALSE
EMP-101163,12747.0,19,1,3,2,3,1,1,3,yes
EMP-101164,9021.0,11,3,3,3,3,2,4,2,N
EMP-101165,6454.0,15,2,3,4,4,3,3,4,No
EMP-101166,14345.0,22,1,3,3,1,3,4,2,FALSE
EMP-101167,6654.0,17,2,3,4,2,1,3,4,Y
EMP-101168,18307.0,18,1,4,3,4,2,2,3,N
EMP-101169,10081.0,24,0,3,3,2,4,2,4,No
EMP-101170,14386.0,21,2,3,2,2,4,3,4,FALSE
EMP-101171,13936.0,12,1,3,3,2,4,2,3,no
EMP-101172,11393.0,22,3,3,4,1,3,1,3,FALSE
EMP-101173,7469.0,21,3,3,3,3,3,3,4,No
EMP-101174,8862.0,24,3,3,2,3,2,3,1,no
EMP-101175,11040.0,14,1,3,3,2,1,4,3,no
EMP-101176,20337.0,17,2,3,4,1,3,1,3,no
EMP-101177,14788.0,15,0,3,3,2,1,4,1,Y
EMP-101178,17668.0,11,0,4,2,2,4,1,2,no
EMP-101179,13620.0,23,1,3,2,4,4,1,1,No
EMP-101180,6746.0,24,1,3,2,1,1,1,2,FALSE
EMP-101181,18486.0,12,1,3,2,1,2,3,1,FALSE
EMP-101182,19739.0,15,2,3,1,3,4,2,4,FALSE
EMP-101183,14690.0,16,3,3,2,3,2,2,3,FALSE
EMP-101184,13362.0,11,2,3,3,2,4,4,1,FALSE
EMP-101185,6999.0,22,2,3,3,4,3,4,3,no
EMP-101186,10455.0,13,1,3,3,4,4,2,2,no
EMP-101187,18492.0,16,0,4,3,4,2,2,4,FALSE
EMP-101188,15103.0,16,2,3,1,2,3,1,3,yes
EMP-101189,18235.0,17,0,3,1,3,4,4,1,yes
EMP-101190,18440.0,20,1,3,1,1,3,4,1,FALSE
EMP-101191,7811.0,22,2,3,3,2,3,4,4,N
EMP-101192,19741.0,24,3,3,4,4,4,4,2,yes
EMP-101193,8354.0,24,3,3,4,4,1,2,4,No
EMP-101194,10464.0,13,2,3,3,2,1,2,4,no
EMP-101195,9991.0,11,3,3,2,4,2,3,3,no
EMP-101196,10597.0,23,2,3,2,1,2,3,2,TRUE
EMP-101197,19119.0,17,3,3,3,2,4,2,4,FALSE
EMP-101198,20788.0,22,1,3,2,1,3,1,3,Yes
EMP-101199,7681.0,21,3,3,2,3,3,2,3,yes
EMP-101200,8309.0,13,3,3,4,4,1,1,2,Yes
EMP-101201,7927.0,15,1,4,3,4,1,4,2,no
EMP-101202,21342.0,14,1,3,1,3,3,3,3,Y
EMP-101203,19442.0,22,3,3,4,3,3,1,2,yes
EMP-101204,,25,0,4,3,3,2,4,3,Y
EMP-101205,20924.0,11,0,3,3,4,3,2,2,No
EMP-101206,21320.0,22,2,3,4,3,3,3,2,N
EMP-101207,7832.0,17,3,3,2,2,4,2,2,yes
EMP-101208,21723.0,24,2,4,2,3,3,4,1,FALSE
EMP-101210,6651.0,14,3,3,3,2,1,2,1,TRUE
EMP-101211,18315.0,11,1,3,1,1,2,4,3,Y
EMP-101212,7053.0,21,3,3,3,2,2,4,4,TRUE
EMP-101213,11322.0,16,3,3,1,2,4,1,4,no
EMP-101214,15719.0,14,1,3,1,3,2,2,4,N
EMP-101215,6131.0,23,3,3,3,4,3,2,3,yes
EMP-101216,10788.0,14,3,3,3,3,3,3,2,Y
EMP-101217,21165.0,25,2,4,3,1,4,1,1,N
EMP-101218,7739.0,12,1,3,1,1,1,1,3,N
EMP-101219,10662.0,11,0,3,2,4,3,4,4,N
EMP-101220,10014.0,13,0,3,1,2,3,3,4,yes
EMP-101221,13442.0,20,3,4,1,1,4,3,4,N
EMP-101222,8455.0,15,2,3,1,4,1,1,4,yes
EMP-101223,19068.0,22,3,3,4,3,2,3,1,No
EMP-101224,20528.0,19,2,4,2,3,3,1,4,Y
EMP-101225,17448.0,24,3,3,1,3,1,3,1,Y
EMP-101226,15280.0,25,0,3,1,2,4,1,4,no
EMP-101227,17489.0,17,1,3,4,2,4,1,3,N
EMP-101228,18000.0,14,2,3,1,4,1,4,1,no
EMP-101229,18850.0,18,3,3,2,1,4,4,1,TRUE
EMP-101230,17589.0,22,3,3,1,3,2,3,3,FALSE
EMP-101231,8780.0,14,2,3,2,2,1,4,4,N
EMP-101232,9241.0,16,2,3,2,2,2,2,4,N
EMP-101233,17228.0,22,0,4,3,1,4,2,2,no
EMP-101234,14663.0,11,2,3,4,3,2,3,2,yes
EMP-101235,7253.0,24,3,4,4,3,2,1,1,FALSE
EMP-101236,15003.0,16,0,4,4,1,2,4,2,N
EMP-101237,13737.0,20,0,3,3,4,2,3,3,No
EMP-101238,6979.0,15,1,3,3,4,1,2,3,FALSE
EMP-101239,10242.0,24,1,3,2,1,4,1,3,No
EMP-101240,8601.0,12,1,3,4,1,4,4,1,N
EMP-101241,8814.0,11,2,3,3,4,3,1,3,N
EMP-101242,17025.0,23,0,3,3,1,2,1,1,No
EMP-101243,,16,2,4,3,3,2,4,1,No
EMP-101244,20225.0,21,0,3,2,4,3,4,3,FALSE
EMP-101245,9236.0,12,3,4,1,4,3,2,3,no
EMP-101246,22359.0,19,2,3,3,4,2,2,1,FALSE
EMP-101247,5656.0,19,0,4,3,3,4,1,3,yes
EMP-101248,22003.0,11,1,3,3,1,3,1,2,FALSE
EMP-101249,20918.0,25,1,3,4,2,2,2,1,Yes
EMP-101250,16021.0,15,3,3,4,2,4,2,4,FALSE
EMP-101251,7446.0,18,2,3,3,3,1,1,1,no
EMP-101252,22922.0,14,0,3,2,3,3,3,3,FALSE
EMP-101253,11722.0,13,1,3,1,1,3,3,3,N
EMP-101254,5632.0,15,0,3,4,2,4,3,1,N
EMP-101255,10831.0,15,2,3,1,4,1,4,1,N
EMP-101256,16907.0,18,1,3,3,3,4,2,4,N
EMP-101257,21321.0,16,3,3,4,2,3,3,4,no
EMP-101258,5151.0,25,3,3,1,4,1,3,1,Yes
EMP-101259,10355.0,12,2,3,3,4,2,2,3,FALSE
EMP-101260,18908.0,21,2,3,4,1,3,4,1,Yes
EMP-101261,14261.0,11,0,3,3,3,4,3,2,FALSE
EMP-101262,9693.0,23,3,3,4,4,4,4,2,N
EMP-101263,11738.0,13,2,3,1,3,4,4,3,no
EMP-101264,15118.0,12,2,3,1,2,4,1,1,yes
EMP-101265,12957.0,14,3,4,4,2,4,2,1,No
EMP-101266,18273.0,13,0,3,2,3,3,1,2,no
EMP-101267,13149.0,25,0,4,3,4,1,3,1,No
EMP-101268,9189.0,25,3,3,1,4,4,1,3,N
EMP-101269,14367.0,19,3,3,2,2,4,2,3,N
EMP-101271,13990.0,15,3,3,1,4,2,4,3,no
EMP-101272,11966.0,14,3,3,1,2,1,3,1,No
EMP-101273,6659.0,20,2,3,3,1,3,2,1,FALSE
EMP-101274,10714.0,19,1,4,2,2,3,4,2,N
EMP-101275,15257.0,14,3,3,3,3,1,3,2,No
EMP-101276,21308.0,16,1,3,4,1,1,2,3,FALSE
EMP-101277,15787.0,24,0,3,1,3,1,2,4,Yes
EMP-101278,15177.0,20,2,3,2,1,4,1,1,FALSE
EMP-101279,19079.0,11,1,3,3,1,3,4,4,Y
EMP-101280,19221.0,25,0,3,2,2,1,2,1,no
EMP-101281,17459.0,23,0,3,4,2,2,4,3,no
EMP-101282,8670.0,12,0,3,1,3,4,4,3,FALSE
EMP-101283,9989.0,25,3,3,2,2,4,2,2,N
EMP-101284,15249.0,14,2,3,4,1,4,4,4,Yes
EMP-101285,11502.0,19,0,3,4,2,4,1,2,FALSE
EMP-101286,13507.0,16,3,3,1,3,1,3,3,No
EMP-101287,14631.0,16,1,3,3,1,4,3,4,Y
EMP-101288,14156.0,21,2,4,1,3,2,2,1,yes
EMP-101289,11659.0,19,1,3,1,4,2,1,2,Yes
EMP-101290,6728.0,22,1,3,2,2,1,3,3,FALSE
EMP-101291,12493.0,14,3,3,2,1,4,1,1,No
EMP-101292,5773.0,13,1,3,3,3,2,2,3,No
EMP-101293,17437.0,17,2,3,4,2,3,1,1,yes
EMP-101294,7823.0,22,1,4,2,2,4,2,2,TRUE
EMP-101295,11438.0,25,3,3,3,3,1,3,1,N
EMP-101296,21082.0,17,0,3,1,1,3,3,4,no
EMP-101297,6090.0,19,3,3,4,3,4,3,1,FALSE
EMP-101298,21397.0,25,0,3,1,2,3,3,3,FALSE
EMP-101299,13970.0,16,1,3,4,3,4,4,1,FALSE
EMP-101300,17003.0,12,0,3,2,4,4,1,2,N
EMP-101301,12468.0,16,3,3,1,2,2,1,3,N
EMP-101302,19946.0,25,3,3,1,1,3,1,3,No
EMP-101303,16902.0,18,2,3,4,4,3,2,3,TRUE
EMP-101304,9732.0,16,2,4,3,3,1,3,3,FALSE
EMP-101305,9551.0,19,0,3,4,1,1,3,4,N
EMP-101306,20268.0,25,0,3,2,4,3,4,3,no
EMP-101307,19113.0,14,2,3,3,3,2,4,3,No
EMP-101308,10780.0,13,1,4,1,4,2,3,3,yes
EMP-101309,7756.0,21,2,3,1,2,4,1,2,Yes
EMP-101310,9128.0,15,1,3,1,1,1,1,2,FALSE
EMP-101311,8975.0,13,0,3,2,4,1,3,3,yes
EMP-101312,13751.0,21,0,4,1,2,1,2,4,N
EMP-101313,18299.0,22,3,3,1,3,4,1,1,N
EMP-101314,15054.0,12,3,3,3,2,2,3,4,FALSE
EMP-101315,11250.0,12,1,3,2,3,1,3,3,no
EMP-101316,11341.0,14,1,3,1,1,4,4,3,no
EMP-101317,10787.0,13,2,3,3,2,3,4,4,FALSE
EMP-101318,11149.0,19,1,3,1,2,2,3,3,Yes
EMP-101319,18318.0,24,0,3,3,3,3,2,1,No
EMP-101320,6759.0,17,0,3,1,4,1,3,2,N
EMP-101321,18844.0,16,0,3,2,3,4,1,1,no
EMP-101322,11971.0,20,3,3,4,4,2,2,1,No
EMP-101323,20606.0,22,1,3,2,3,1,2,1,Y
EMP-101324,23166.0,18,1,3,3,1,2,4,4,FALSE
EMP-101325,14658.0,19,3,3,1,4,4,3,4,yes
EMP-101326,17340.0,13,3,3,2,2,4,4,1,Yes
EMP-101327,8094.0,22,3,4,1,4,1,1,4,Yes
EMP-101328,14396.0,20,0,4,2,3,2,4,3,TRUE
EMP-101329,12423.0,17,1,3,3,3,4,1,2,FALSE
EMP-101330,11988.0,19,2,3,4,4,2,3,4,yes
EMP-101331,8581.0,11,2,4,2,2,2,3,4,Yes
EMP-101332,15982.0,20,1,3,1,1,3,4,1,Yes
EMP-101333,7057.0,19,1,3,1,2,1,4,2,no
EMP-101334,6963.0,24,3,3,1,4,1,4,3,No
EMP-101335,9730.0,17,3,3,3,3,2,1,3,no
EMP-101336,18409.0,20,0,3,3,2,3,2,2,no
EMP-101337,6843.0,24,3,4,4,3,2,2,3,FALSE
EMP-101338,10173.0,14,1,3,1,3,1,4,2,no
EMP-101339,14804.0,23,0,3,4,2,1,4,1,N
EMP-101340,11566.0,25,2,3,1,4,2,3,3,yes
EMP-101341,17300.0,21,1,4,2,2,2,4,3,N
EMP-101342,10860.0,22,2,3,2,1,2,3,2,no
EMP-101343,10134.0,16,1,4,2,3,1,1,3,No
EMP-101344,11647.0,21,1,3,1,3,2,1,4,No
EMP-101345,,21,0,3,2,4,2,1,1,Y
EMP-101346,17054.0,16,0,3,1,3,4,1,3,No
EMP-101347,11328.0,16,3,4,4,3,1,4,3,FALSE
EMP-101348,12295.0,25,1,3,3,3,2,4,3,TRUE
EMP-101349,21159.0,12,1,4,2,2,3,3,2,yes
EMP-101350,19932.0,15,0,3,1,3,1,4,1,no
EMP-101351,12551.0,17,2,3,1,2,2,3,1,Y
EMP-101352,14149.0,16,3,3,4,4,2,1,3,Yes
EMP-101353,18448.0,13,1,3,4,1,4,3,3,Yes
EMP-101354,15698.0,21,0,3,3,3,4,3,2,yes
EMP-101355,13510.0,22,1,3,4,1,1,4,1,TRUE
EMP-101356,17350.0,15,0,3,3,2,4,1,4,FALSE
EMP-101357,21965.0,23,3,3,3,4,4,2,3,yes
EMP-101358,14946.0,18,2,3,4,4,1,4,4,FALSE
EMP-101359,8646.0,21,1,3,3,2,3,4,4,yes
EMP-101360,17112.0,15,1,3,2,1,2,2,1,No
EMP-101361,12726.0,22,3,3,3,3,2,1,4,FALSE
EMP-101362,16065.0,20,2,4,1,2,4,2,3,no
EMP-101363,15443.0,13,1,3,1,2,2,3,3,FALSE
EMP-101364,12854.0,19,3,3,1,2,4,2,2,N
EMP-101365,16811.0,21,1,3,4,2,1,1,1,N
EMP-101366,14225.0,13,1,3,1,2,1,1,1,no
EMP-101367,12622.0,12,3,3,4,4,1,2,4,TRUE
EMP-101368,16272.0,16,3,3,1,2,2,4,3,no
EMP-101369,6817.0,18,0,3,3,4,4,2,3,No
EMP-101370,12538.0,16,0,3,4,1,4,3,2,N
EMP-101371,19249.0,11,1,3,1,3,2,2,4,No
EMP-101372,8634.0,18,3,3,3,4,1,2,3,FALSE
EMP-101373,17820.0,11,2,4,4,3,3,2,1,Y
EMP-101374,17770.0,19,2,3,3,3,4,3,2,No
EMP-101375,9644.0,18,1,3,3,3,4,2,1,No
EMP-101376,12250.0,16,0,3,3,4,2,4,2,FALSE
EMP-101377,16197.0,25,3,3,4,4,3,3,1,FALSE
EMP-101378,6652.0,12,3,3,4,4,1,4,4,FALSE
EMP-101379,8551.0,23,0,3,2,1,4,3,3,Y
EMP-101380,5304.0,19,3,3,2,4,2,1,1,No
EMP-101381,11363.0,18,1,3,2,1,3,1,4,no
EMP-101382,9747.0,23,3,4,2,4,2,3,1,N
EMP-101383,12635.0,14,3,3,4,4,3,3,4,FALSE
EMP-101384,9930.0,12,0,4,2,3,2,3,2,No
EMP-101385,14741.0,23,0,4,1,2,3,1,4,FALSE
EMP-101386,5014.0,24,2,3,2,3,4,3,1,No
EMP-101388,18168.0,16,0,4,1,2,1,1,2,TRUE
EMP-101389,16487.0,11,0,3,3,2,4,3,2,no
EMP-101390,16451.0,17,0,3,3,1,1,3,4,FALSE
EMP-101391,19487.0,11,3,4,3,2,4,3,1,No
EMP-101392,18637.0,25,1,3,2,1,3,1,4,yes
EMP-101393,6573.0,23,1,3,4,3,4,2,2,FALSE
EMP-101394,16109.0,16,3,3,1,1,2,3,3,N
EMP-101395,21302.0,15,3,3,4,4,3,2,4,No
EMP-101396,22026.0,22,0,3,4,2,2,2,1,N
EMP-101397,22430.0,20,2,3,2,4,2,2,4,FALSE
EMP-101398,,24,2,3,4,2,2,4,4,No
EMP-101399,16204.0,13,1,4,4,2,2,2,4,no
EMP-101400,22517.0,16,2,3,3,3,1,2,3,No
EMP-101401,17742.0,14,0,3,3,1,3,1,1,TRUE
EMP-101402,,24,3,3,1,3,2,4,1,N
EMP-101403,9730.0,22,1,4,1,1,1,1,2,N
EMP-101404,13834.0,16,1,3,3,3,4,1,2,no
EMP-101405,18840.0,14,3,3,2,3,2,2,4,N
EMP-101406,17893.0,25,2,4,2,2,2,1,2,TRUE
EMP-101407,10727.0,11,1,3,1,3,1,3,1,Y
EMP-101408,10606.0,15,3,4,3,3,4,2,4,no
EMP-101409,19386.0,18,3,4,2,1,4,3,2,No
EMP-101410,9242.0,16,2,4,4,3,1,2,3,TRUE
EMP-101411,14161.0,20,2,3,1,2,2,2,2,no
EMP-101412,8823.0,19,0,3,1,3,3,2,3,N
EMP-101413,10843.0,14,2,3,4,4,1,4,2,FALSE
EMP-101414,16297.0,20,2,3,4,4,3,2,1,FALSE
EMP-101415,19175.0,19,3,3,1,1,2,3,2,FALSE
EMP-101416,16705.0,18,1,4,4,1,2,2,3,TRUE
EMP-101417,6819.0,13,3,3,2,4,4,2,3,no
EMP-101418,8868.0,24,0,3,1,3,2,1,2,no
EMP-101419,14721.0,16,3,3,2,3,4,2,4,No
EMP-101420,11858.0,14,0,3,1,1,4,2,3,yes
EMP-101421,7018.0,11,2,4,2,2,2,2,1,N
EMP-101422,12615.0,19,1,3,3,3,4,2,2,N
EMP-101423,14859.0,14,1,3,2,4,2,2,3,no
EMP-101424,17401.0,21,3,3,4,2,4,2,2,Yes
EMP-101425,19255.0,24,1,3,3,2,4,4,2,no
EMP-101426,14215.0,15,0,3,1,3,2,3,4,Y
EMP-101427,12807.0,13,0,3,2,2,3,4,2,FALSE
EMP-101428,,14,2,3,1,1,1,3,2,no
EMP-101429,19049.0,23,3,3,3,2,2,4,2,FALSE
EMP-101430,10046.0,19,2,3,4,1,4,2,1,N
EMP-101431,21013.0,25,1,3,4,3,1,4,2,No
EMP-101432,17795.0,17,2,4,4,2,3,3,1,No
EMP-101433,10916.0,18,1,3,1,4,2,1,2,Y
EMP-101434,19153.0,13,0,3,4,4,4,1,4,yes
EMP-101435,21509.0,25,3,3,4,1,4,2,4,N
EMP-101436,9893.0,13,3,4,1,1,2,2,3,N
EMP-101437,19425.0,25,2,4,1,3,4,3,2,Yes
EMP-101438,6992.0,24,1,3,3,2,1,1,4,FALSE
EMP-101439,14416.0,17,0,3,4,1,4,2,4,FALSE
EMP-101440,11193.0,18,1,3,3,1,1,4,2,no
EMP-101441,,24,2,3,2,3,1,4,3,Yes
EMP-101442,6600.0,15,1,3,2,2,2,1,1,N
EMP-101443,11247.0,11,0,3,2,2,4,3,4,no
EMP-101444,11432.0,13,2,3,2,1,1,2,4,no
EMP-101445,11549.0,15,0,3,1,2,4,2,1,no
EMP-101446,9714.0,13,2,4,3,2,1,2,4,FALSE
EMP-101447,13007.0,25,3,3,3,2,3,1,1,FALSE
EMP-101448,14798.0,24,1,4,1,4,2,4,1,FALSE
EMP-101449,10951.0,11,0,3,2,2,2,3,3,N
EMP-101450,15165.0,17,0,3,3,4,2,1,1,FALSE
EMP-101451,12351.0,11,1,3,4,2,1,1,1,FALSE
EMP-101452,14676.0,20,0,3,1,2,3,2,1,TRUE
EMP-101453,14744.0,23,0,3,1,2,1,4,1,Yes
EMP-101454,6860.0,16,0,3,4,1,2,3,4,no
EMP-101455,15184.0,16,3,4,2,1,1,3,1,yes
EMP-101456,14402.0,24,0,3,2,4,2,2,4,no
EMP-101458,13072.0,22,1,3,4,4,1,4,2,FALSE
EMP-101459,13872.0,21,3,4,3,2,4,2,1,Y
EMP-101460,16380.0,11,0,3,2,3,1,2,3,FALSE
EMP-101461,6483.0,21,0,3,3,4,2,4,3,No
EMP-101462,11127.0,13,0,3,4,1,4,3,4,No
EMP-101463,20708.0,22,3,3,4,3,1,4,4,No
EMP-101464,11063.0,19,2,3,4,1,2,3,2,N
EMP-101465,9606.0,12,2,3,2,3,1,3,4,no
EMP-101466,10548.0,24,1,4,1,3,4,3,3,Yes
EMP-101467,17211.0,15,1,3,1,3,1,4,2,FALSE
EMP-101468,10208.0,13,1,3,1,4,1,4,1,no
EMP-101469,8611.0,22,0,3,3,4,4,1,4,No
EMP-101470,22173.0,22,2,3,4,1,2,4,1,TRUE
EMP-101471,15026.0,23,2,4,2,4,1,2,4,No
EMP-101472,23341.0,15,1,3,1,1,1,2,3,no
EMP-101473,17019.0,17,2,3,1,2,3,2,4,N
EMP-101474,11211.0,11,1,3,3,1,3,2,3,No
EMP-101475,13900.0,13,0,3,3,1,2,1,3,Y
EMP-101476,10487.0,21,2,3,1,4,4,4,1,no
EMP-101477,9400.0,23,0,3,4,1,2,4,4,FALSE
EMP-101478,17406.0,16,0,3,4,4,2,3,1,yes
EMP-101479,9500.0,17,2,4,3,1,2,4,3,TRUE
EMP-101480,7773.0,20,3,4,3,2,1,3,3,FALSE
EMP-101481,12408.0,13,1,3,4,4,1,3,3,TRUE
EMP-101482,12827.0,14,2,3,3,4,2,2,3,no
EMP-101483,7491.0,16,0,3,3,2,2,1,2,N
EMP-101484,14089.0,15,1,3,4,4,3,1,3,no
EMP-101485,11529.0,21,0,3,4,1,4,4,4,no
EMP-101486,10949.0,19,1,3,2,3,2,3,3,No
EMP-101487,12932.0,23,2,4,3,4,3,2,2,Y
EMP-101488,18868.0,22,0,3,3,3,2,3,4,FALSE
EMP-101489,18150.0,11,1,3,2,1,4,2,2,No
EMP-101490,14975.0,25,1,3,3,2,2,3,2,no
EMP-101491,,23,2,3,3,4,4,4,4,No
EMP-101492,14771.0,15,1,3,1,3,1,4,2,Y
EMP-101493,6837.0,21,1,4,1,2,4,3,3,N
EMP-101494,,11,0,3,1,2,2,1,1,N
EMP-101495,16792.0,18,2,4,2,4,3,2,1,no
EMP-101496,17232.0,17,2,3,3,3,1,1,1,no
EMP-101497,9127.0,15,0,3,2,4,3,1,4,N
EMP-101498,17532.0,16,3,3,2,1,2,3,4,Yes
EMP-101499,12730.0,14,0,3,3,2,1,2,4,FALSE
