EmployeeID,JobLevel,YearsAtCompany,YearsInCurrentRole,YearsSinceLastPromotion,YearsWithCurrManager,ManagerChangesLast2Yrs,NumCompaniesWorked,TotalWorkingYears,TrainingTimesLastYear
100000,3,4,3,0,2,1.0,1,7,3
100001,2,1,0,0,0,0.0,0,13,5
100002,1,8,3,2,4,0.0,6,11,2
100003,5,0,0,0,0,0.0,0,12,4
100004,3,5,3,0,2,0.0,2,8,6
100005,3,0,0,0,0,0.0,3,2,0
100006,2,4,2,0,2,0.0,1,11,1
100007,4,9,8,1,4,0.0,6,12,1
100008,5,7,3,0,1,0.0,4,14,5
100009,4,6,4,1,2,1.0,0,14,3
100010,3,3,2,0,1,0.0,7,3,3
100011,4,11,6,1,5,2.0,9,25,2
100012,1,4,3,2,3,0.0,6,7,3
100013,5,12,5,3,3,0.0,3,17,4
100014,4,3,1,0,0,2.0,1,10,1
100015,1,3,2,1,1,0.0,6,16,2
100016,2,1,0,0,0,1.0,1,6,6
100017,4,3,2,0,1,1.0,5,14,3
100018,5,0,0,0,0,0.0,0,5,0
100019,1,10,5,5,3,0.0,6,19,1
100020,4,5,2,2,3,0.0,6,8,2
100021,2,25,6,11,20,0.0,3,33,1
100022,4,0,0,0,0,1.0,3,6,4
100023,1,1,0,0,0,1.0,9,14,5
100024,4,10,4,4,4,0.0,4,20,3
100025,5,2,0,0,1,0.0,1,7,5
100026,3,3,1,0,0,0.0,8,3,6
100027,1,9,8,0,6,1.0,9,10,3
100028,1,3,2,1,1,0.0,3,14,3
100029,1,1,0,0,0,0.0,8,6,6
100030,1,11,9,6,9,0.0,2,21,0
100031,4,0,0,0,0,1.0,8,14,4
100032,5,11,10,4,10,1.0,0,11,0
100033,2,0,0,0,0,0.0,6,14,6
100034,5,5,2,0,3,0.0,3,19,4
100035,1,0,0,0,0,1.0,6,10,4
100036,4,6,2,1,5,0.0,9,10,6
100037,4,0,0,0,0,0.0,5,0,4
100038,1,9,7,2,2,0.0,3,21,3
100039,4,3,2,0,1,0.0,3,5,6
100040,1,0,0,0,0,0.0,7,11,3
100041,5,6,2,2,5,0.0,6,17,3
100042,3,3,1,0,2,0.0,3,14,0
100043,4,1,0,0,0,0.0,5,7,2
100044,1,0,0,0,0,0.0,5,4,5
100045,1,2,1,0,1,1.0,0,16,6
100046,4,0,0,0,0,1.0,1,11,6
100047,2,0,0,0,0,1.0,3,14,6
100048,1,1,0,0,0,1.0,5,10,4
100049,4,4,2,2,2,0.0,5,4,6
100050,1,3,2,0,2,1.0,0,3,6
100051,2,0,0,0,0,1.0,7,14,0
100052,3,17,15,4,6,0.0,1,24,3
100053,2,10,7,2,7,0.0,4,20,5
100054,5,1,0,0,0,1.0,3,14,3
100055,4,0,0,0,0,1.0,4,12,2
100056,2,14,6,6,9,1.0,4,22,3
100057,3,3,1,0,1,0.0,9,9,4
100058,1,1,0,-1,0,0.0,7,13,1
100059,4,3,1,0,2,0.0,9,5,6
100060,2,7,4,2,5,0.0,6,18,5
100061,3,0,0,0,0,0.0,8,5,6
100062,2,7,5,2,1,0.0,0,9,3
100063,5,6,3,0,2,0.0,5,15,2
100064,4,3,1,0,2,,5,6,5
100065,1,10,2,3,9,0.0,1,21,1
100066,3,0,0,0,0,0.0,7,3,5
100067,2,4,1,0,3,,5,6,6
100068,4,2,1,0,1,2.0,9,11,6
100069,2,2,1,0,0,0.0,8,7,4
100070,4,1,0,0,0,2.0,9,5,4
100071,5,2,0,0,1,1.0,4,12,4
100072,2,0,0,0,0,0.0,6,8,2
100073,5,1,0,0,0,0.0,5,9,1
100074,3,1,0,0,0,0.0,4,3,4
100075,5,6,4,1,1,0.0,5,18,6
100076,4,0,0,0,0,0.0,3,8,3
100077,3,5,3,2,3,0.0,2,17,1
100078,2,1,0,0,0,0.0,0,12,4
100079,2,0,0,0,0,0.0,0,2,1
100080,4,1,0,0,0,0.0,5,4,5
100081,1,1,0,0,0,0.0,8,1,3
100082,1,4,2,1,3,0.0,7,8,0
100083,2,2,1,0,0,2.0,1,13,4
100084,4,16,9,8,14,0.0,8,24,3
100085,1,16,7,5,7,1.0,7,30,2
100086,5,2,1,0,1,1.0,8,3,5
100087,2,7,2,3,6,2.0,3,10,4
100088,5,0,0,0,0,0.0,8,9,0
100089,4,3,0,0,1,,1,4,5
100090,5,6,3,1,0,0.0,0,19,3
100091,1,1,0,0,0,1.0,8,8,5
100092,1,0,0,0,0,0.0,9,8,3
100093,3,0,0,0,0,1.0,7,2,1
100094,2,2,1,0,0,1.0,6,14,4
100095,4,3,2,1,2,0.0,7,17,0
100096,2,2,1,0,1,2.0,0,10,2
100097,5,2,0,0,1,1.0,8,7,1
100098,4,3,2,1,1,0.0,9,8,4
100099,4,7,5,2,3,0.0,8,13,0
100100,1,0,0,0,0,0.0,8,11,1
100101,5,7,5,0,0,0.0,5,11,0
100102,1,5,1,0,3,2.0,3,10,5
100103,1,6,3,2,0,0.0,1,16,0
100104,3,6,3,1,2,0.0,3,6,1
100105,1,3,0,0,0,,6,5,1
100106,2,1,0,0,0,0.0,0,12,4
100107,4,3,1,0,1,,8,11,1
100108,1,15,6,4,3,0.0,2,26,6
100109,2,4,2,1,1,0.0,3,8,6
100110,5,0,0,0,0,1.0,4,4,5
100111,4,0,0,0,0,0.0,2,7,6
100112,5,24,17,5,12,0.0,3,34,4
100113,2,0,0,0,0,0.0,4,10,0
100114,5,0,0,0,0,,0,12,1
100115,5,2,1,0,0,1.0,8,3,4
100116,5,17,5,3,2,1.0,9,29,4
100117,1,1,0,0,0,0.0,9,7,2
100118,1,2,1,0,1,1.0,3,10,4
100119,1,5,3,0,1,1.0,8,11,4
100120,4,0,0,0,0,1.0,3,11,2
100121,2,11,9,1,5,0.0,0,15,3
100122,1,3,0,0,2,4.0,4,15,5
100123,5,3,1,0,2,1.0,8,8,1
100124,5,9,2,2,6,0.0,2,12,2
100125,5,15,11,0,9,0.0,4,28,6
100126,5,2,1,1,1,1.0,2,13,4
100127,3,0,0,0,0,1.0,2,6,4
100128,4,8,4,3,4,1.0,0,8,1
100129,2,2,1,0,1,0.0,1,5,5
100130,2,13,8,3,6,1.0,1,15,6
100131,1,14,12,1,6,0.0,8,26,0
100132,3,0,0,0,0,0.0,6,3,2
100133,2,15,10,1,5,0.0,7,15,3
100134,4,2,1,0,1,0.0,1,13,1
100135,5,5,3,1,2,1.0,8,17,1
100136,1,0,0,0,0,1.0,2,1,2
100137,4,10,2,5,5,2.0,9,21,4
100138,2,5,1,0,3,0.0,1,15,4
100139,3,5,2,1,2,0.0,0,17,3
100140,1,11,7,1,7,2.0,8,19,2
100141,2,3,0,0,1,0.0,7,17,1
100142,1,2,0,0,0,0.0,3,8,6
100143,2,10,4,3,8,0.0,6,22,2
100144,5,6,3,1,1,0.0,2,11,0
100145,3,14,5,2,7,0.0,2,15,1
100146,5,14,3,6,3,0.0,3,14,3
100147,2,2,0,0,1,1.0,1,3,3
100148,4,2,0,0,0,1.0,9,8,1
100149,5,1,0,0,0,4.0,3,2,4
100150,4,5,2,0,1,1.0,9,7,1
100151,2,2,1,0,0,1.0,2,9,1
100152,3,7,4,3,6,1.0,7,13,0
100153,4,0,0,0,0,0.0,1,11,1
100154,2,0,0,0,0,2.0,8,10,5
100155,4,1,0,0,0,0.0,2,11,6
100156,5,0,0,0,0,0.0,3,13,5
100157,2,4,1,1,2,0.0,9,14,2
100158,5,0,0,0,0,0.0,9,8,2
100159,1,0,0,0,0,0.0,2,11,6
100160,2,0,0,0,0,1.0,2,3,3
100161,4,7,6,1,2,0.0,7,13,4
100162,1,8,5,4,3,3.0,7,8,3
100163,5,0,0,0,0,1.0,5,10,0
100164,5,6,1,0,4,1.0,3,16,1
100165,4,2,0,0,1,0.0,0,3,6
100166,1,1,0,0,0,0.0,3,7,3
100167,3,4,3,0,1,0.0,7,18,1
100168,4,0,0,0,0,1.0,5,1,3
100169,5,7,6,3,6,1.0,1,12,1
100170,2,0,0,0,0,0.0,2,12,3
100171,1,15,5,5,6,3.0,6,24,5
100172,3,0,0,0,0,0.0,3,11,5
100173,2,4,3,1,1,0.0,3,12,5
100174,1,11,9,2,7,0.0,4,21,6
100175,4,0,0,0,0,0.0,7,4,2
100176,4,3,1,1,1,1.0,6,12,6
100177,1,2,1,0,1,0.0,8,8,6
100178,3,4,1,2,2,0.0,4,16,0
100179,1,1,0,0,0,,0,1,3
100180,2,0,0,0,0,0.0,3,7,2
100181,2,4,2,0,2,0.0,5,12,6
100182,4,2,0,0,1,0.0,5,16,6
100183,1,4,2,1,1,3.0,8,16,4
100184,4,1,0,0,0,0.0,9,5,3
100185,3,2,1,0,1,3.0,4,7,1
100186,2,4,3,2,2,0.0,4,16,0
100187,5,4,2,0,1,2.0,5,14,2
100188,5,2,1,0,1,0.0,5,9,2
100189,1,1,0,0,0,0.0,2,4,0
100190,1,1,0,0,0,0.0,5,2,3
100191,5,0,0,0,0,0.0,7,14,1
100192,1,1,0,0,0,0.0,5,10,4
100193,2,1,0,0,0,1.0,4,8,3
100194,3,5,2,2,3,0.0,2,6,0
100195,3,4,3,0,0,0.0,0,8,3
100196,4,2,0,0,1,0.0,4,16,6
100197,2,1,0,0,0,1.0,5,13,3
100198,1,1,0,0,0,0.0,5,6,0
100199,1,3,2,0,0,2.0,5,7,0
100200,4,12,9,6,4,1.0,2,17,4
100201,4,5,1,2,3,1.0,3,10,0
100202,1,6,4,0,3,,2,8,0
100203,1,8,3,0,6,0.0,1,18,0
100204,2,2,1,0,0,0.0,7,12,6
100205,4,0,0,0,0,0.0,6,2,6
100206,2,4,3,1,1,1.0,7,12,6
100207,1,1,0,0,0,0.0,5,3,2
100208,5,4,1,1,2,0.0,6,6,0
100209,5,6,1,2,1,0.0,0,16,0
100210,1,7,3,0,4,2.0,9,20,0
100211,4,1,0,0,0,2.0,4,2,4
100212,5,3,2,0,1,0.0,3,9,6
100213,4,4,1,0,2,,9,13,3
100214,5,8,6,2,1,4.0,2,17,6
100215,4,7,1,4,6,0.0,1,10,0
100216,5,22,7,3,11,1.0,8,22,0
100217,4,0,0,0,0,2.0,7,5,4
100218,2,2,1,0,0,1.0,9,6,3
100219,4,1,0,0,0,1.0,1,14,4
100220,2,0,0,0,0,0.0,5,10,5
100221,2,12,8,5,6,0.0,2,13,1
100222,1,30,15,0,28,1.0,2,35,1
100223,2,0,0,0,0,1.0,4,0,1
100224,3,0,0,0,0,0.0,6,2,0
100225,2,1,0,0,0,0.0,6,4,4
100226,4,9,2,4,5,0.0,9,21,0
100227,2,1,0,0,0,1.0,0,3,1
100228,4,0,0,0,0,3.0,6,14,3
100229,4,0,0,0,0,1.0,6,12,3
100230,3,2,1,0,0,0.0,5,7,5
100231,2,13,3,6,12,0.0,5,23,4
100232,2,1,0,0,0,1.0,1,4,5
100233,5,2,1,0,1,0.0,2,15,6
100234,5,0,0,0,0,0.0,2,0,3
100235,1,3,0,1,2,0.0,2,7,1
100236,4,5,1,1,2,0.0,1,9,5
100237,3,1,0,0,0,1.0,8,9,5
100238,5,1,0,0,0,3.0,5,8,5
100239,2,9,2,3,7,1.0,1,23,4
100240,1,0,0,0,0,0.0,2,7,6
100241,3,5,2,2,0,1.0,9,9,4
100242,2,2,0,0,0,2.0,5,9,1
100243,2,1,0,0,0,1.0,3,14,1
100244,4,5,3,1,2,1.0,6,14,1
100245,4,8,5,1,3,1.0,5,14,5
100246,5,4,3,0,2,0.0,5,4,1
100247,5,0,0,0,0,0.0,2,11,6
100248,2,3,1,1,1,0.0,7,9,4
100249,2,3,2,0,0,2.0,8,13,3
100250,5,3,2,1,2,1.0,5,10,1
100251,5,5,1,2,4,0.0,1,7,2
100252,2,0,0,0,0,0.0,0,8,4
100253,3,3,0,0,0,,2,10,0
100254,2,4,2,2,2,0.0,2,5,3
100255,3,2,1,1,1,,7,7,4
100256,3,5,2,0,3,1.0,4,8,1
100257,2,1,0,0,0,1.0,0,3,5
100258,1,1,0,0,0,0.0,3,11,6
100259,5,16,4,6,13,1.0,6,21,2
100260,4,2,0,0,0,1.0,4,11,0
100261,2,2,0,0,0,0.0,9,14,3
100262,3,4,1,1,0,1.0,5,18,1
100263,2,17,14,9,8,0.0,9,25,4
100264,5,20,17,5,13,1.0,3,21,4
100265,3,4,3,1,2,0.0,1,13,3
100266,4,0,0,0,0,1.0,8,9,2
100267,4,11,9,1,2,2.0,1,20,5
100268,4,4,2,0,3,0.0,1,8,6
100269,1,2,1,0,1,0.0,1,7,1
100270,3,8,5,1,4,0.0,0,11,3
100271,3,2,1,0,1,2.0,2,8,3
100272,1,0,0,0,0,2.0,5,1,4
100273,3,8,6,0,3,2.0,6,14,3
100274,1,3,1,1,2,0.0,0,4,0
100275,2,2,1,0,1,1.0,4,2,0
100276,5,1,0,0,0,1.0,4,11,1
100277,4,4,1,0,3,1.0,0,8,3
100278,1,1,0,0,0,0.0,3,2,4
100279,1,1,0,0,0,,9,8,5
100280,1,5,2,1,3,0.0,0,16,1
100281,2,10,3,2,5,0.0,0,21,2
100282,1,3,2,0,0,,6,14,4
100283,5,7,4,1,5,0.0,6,14,2
100284,5,7,4,3,1,0.0,2,7,1
100285,4,5,4,2,3,0.0,6,8,0
100286,2,1,0,0,0,0.0,2,14,4
100287,5,10,3,4,4,0.0,1,18,5
100288,3,2,0,0,0,1.0,9,6,4
100289,3,0,0,0,0,2.0,3,11,1
100290,3,1,0,0,0,1.0,9,11,4
100291,1,7,2,1,6,0.0,2,16,4
100292,1,0,0,0,0,0.0,6,12,1
100293,3,0,0,0,0,0.0,0,5,6
100294,4,5,3,0,3,0.0,5,7,3
100295,4,11,2,0,8,0.0,1,15,1
100296,1,5,1,1,2,2.0,7,18,4
100297,3,1,0,0,0,0.0,4,12,5
100298,4,0,0,0,0,0.0,2,12,5
100299,1,4,3,0,3,0.0,9,16,1
100300,3,0,0,0,0,1.0,6,12,4
100301,2,4,3,1,1,0.0,1,4,2
100302,3,1,0,0,0,2.0,4,8,2
100303,3,11,10,0,6,1.0,7,21,0
100304,5,3,0,0,1,0.0,0,17,6
100305,5,1,0,0,0,0.0,0,6,1
100306,2,9,5,0,6,0.0,2,20,1
100307,2,1,0,0,0,1.0,2,2,2
100308,3,1,0,0,0,,6,4,2
100309,4,8,3,2,7,0.0,5,11,2
100310,2,1,0,0,0,0.0,6,9,5
100311,3,2,0,0,0,1.0,3,10,5
100312,1,2,0,0,1,0.0,1,6,0
100313,5,0,0,0,0,1.0,1,11,0
100314,4,0,0,0,0,0.0,9,2,3
100315,3,6,4,1,1,,0,6,5
100316,1,5,4,1,3,0.0,8,10,1
100317,5,1,0,0,0,0.0,6,8,0
100318,1,1,0,0,0,0.0,9,1,4
100319,3,14,12,6,13,2.0,2,24,1
100320,2,21,6,8,5,1.0,1,21,3
100321,5,3,1,1,1,1.0,2,17,2
100322,1,8,6,3,4,0.0,6,18,3
100323,2,6,4,2,4,0.0,4,12,1
100324,4,1,0,0,0,0.0,2,7,2
100325,3,0,0,0,0,1.0,8,1,3
100326,3,0,0,0,0,0.0,1,2,3
100327,5,9,8,0,6,0.0,6,10,1
100328,1,6,2,2,4,0.0,9,11,0
100329,4,5,4,2,2,0.0,5,17,4
100330,5,0,0,0,0,0.0,5,12,3
100331,5,5,1,0,1,0.0,6,12,4
100332,1,7,3,1,1,1.0,5,14,5
100333,4,9,6,4,3,0.0,1,23,5
100334,1,0,0,0,0,2.0,4,0,1
100335,3,5,2,1,4,0.0,2,15,6
100336,2,0,0,0,0,1.0,8,8,1
100337,3,6,5,3,4,0.0,7,16,6
100338,3,5,2,0,4,,9,12,6
100339,5,0,0,0,0,3.0,1,8,6
100340,3,7,5,1,5,0.0,0,19,0
100341,4,0,0,0,0,0.0,3,13,6
100342,3,8,2,2,2,2.0,3,20,2
100343,4,1,0,0,0,1.0,9,9,4
100344,1,5,1,2,2,0.0,1,15,3
100345,5,12,8,3,3,1.0,6,23,2
100346,4,2,1,1,1,0.0,2,7,5
100347,3,3,1,1,2,0.0,6,5,5
100348,5,3,1,1,2,3.0,6,3,4
100349,5,0,0,0,0,0.0,0,10,4
100350,4,4,3,0,2,0.0,5,11,6
100351,4,6,3,1,4,2.0,3,15,2
100352,2,12,7,6,1,2.0,7,14,2
100353,2,9,3,1,2,0.0,7,21,0
100354,5,3,2,1,1,2.0,2,9,3
100355,2,6,5,2,3,,3,18,3
100356,3,8,6,3,3,0.0,0,17,3
100357,1,3,1,1,1,1.0,9,8,6
100358,5,0,0,0,0,1.0,1,2,5
100359,1,2,0,0,0,1.0,6,7,5
100360,2,9,5,2,3,1.0,6,20,2
100361,4,4,2,2,2,0.0,8,6,0
100362,5,6,3,2,3,1.0,9,18,1
100363,2,1,0,0,0,0.0,8,15,0
100364,3,16,11,7,7,0.0,8,28,5
100365,5,2,0,0,0,1.0,5,15,6
100366,5,5,2,0,2,0.0,7,13,2
100367,4,0,0,0,0,1.0,8,12,0
100368,5,0,0,0,0,0.0,6,0,2
100369,4,7,3,2,2,0.0,3,19,4
100370,2,17,4,4,16,1.0,3,24,4
100371,3,1,0,0,0,1.0,5,5,1
100372,3,0,0,0,0,2.0,3,14,5
100373,5,2,1,0,0,0.0,6,5,6
100374,5,0,0,0,0,1.0,7,0,4
100375,2,1,0,0,0,1.0,7,9,1
100376,4,6,1,3,1,1.0,7,18,3
100377,3,13,11,1,3,1.0,1,21,2
100378,4,0,0,0,0,0.0,9,12,6
100379,2,4,3,1,2,0.0,1,8,3
100380,3,1,0,0,0,0.0,1,14,3
100381,3,0,0,0,0,0.0,1,10,1
100382,1,1,0,0,0,0.0,3,9,2
100383,2,4,0,2,3,1.0,4,18,1
100384,2,0,0,0,0,1.0,3,9,0
100385,1,2,0,0,0,1.0,4,15,3
100386,4,0,0,0,0,2.0,3,8,2
100387,1,1,0,0,0,1.0,6,7,3
100388,2,1,0,0,0,1.0,9,8,0
100389,4,10,9,4,7,0.0,0,10,5
100390,3,6,4,1,2,0.0,0,9,0
100391,1,10,4,2,6,1.0,1,19,5
100392,4,2,0,0,1,1.0,0,11,2
100393,4,1,0,0,0,0.0,9,15,2
100394,4,2,1,0,0,3.0,9,5,6
100395,1,0,0,0,0,2.0,2,11,0
100396,3,6,5,1,2,0.0,5,14,3
100397,4,2,0,0,0,0.0,9,4,4
100398,1,1,0,0,0,0.0,5,15,3
100399,2,4,1,2,1,0.0,0,15,4
100400,1,2,1,0,0,1.0,5,11,1
100401,1,19,5,8,4,,4,33,2
100402,1,2,0,0,0,0.0,6,11,0
100403,4,4,2,1,2,0.0,5,4,1
100404,1,1,0,0,0,0.0,6,15,3
100405,2,23,17,0,12,2.0,1,33,4
100406,4,2,1,0,1,1.0,0,6,5
100407,2,5,2,0,3,1.0,6,11,2
100408,5,0,0,0,0,0.0,8,11,4
100409,1,6,5,2,1,0.0,1,9,3
100410,4,1,0,0,0,0.0,6,9,6
100411,4,2,0,0,0,0.0,2,7,3
100412,1,10,4,3,2,,5,15,0
100413,3,17,6,3,16,1.0,2,19,1
100414,3,2,1,1,0,2.0,9,11,2
100415,2,9,2,3,5,0.0,4,18,0
100416,1,0,0,0,0,,1,4,4
100417,1,9,3,1,2,1.0,7,18,6
100418,5,4,3,1,0,0.0,7,9,1
100419,3,3,2,0,1,0.0,6,16,2
100420,3,11,7,0,3,1.0,5,14,4
100421,1,9,6,3,2,1.0,0,21,2
100422,2,1,0,0,0,0.0,7,3,2
100423,1,7,4,3,3,1.0,0,11,5
100424,2,0,0,0,0,0.0,7,6,5
100425,3,8,4,2,3,1.0,1,18,6
100426,5,5,4,1,3,0.0,7,10,1
100427,4,0,0,0,0,0.0,9,1,5
100428,3,5,4,1,0,0.0,3,5,4
100429,2,4,2,0,1,0.0,6,8,5
100430,1,4,2,1,0,1.0,4,8,6
100431,3,1,0,0,0,0.0,7,12,6
100432,5,1,0,0,0,2.0,5,12,0
100433,2,7,5,0,0,1.0,4,12,0
100434,1,1,0,0,0,0.0,0,3,0
100435,4,2,1,0,0,0.0,2,2,6
100436,2,5,1,1,2,0.0,9,19,2
100437,1,0,0,0,0,1.0,8,3,3
100438,4,4,2,0,1,0.0,8,7,1
100439,1,4,0,0,3,1.0,4,13,0
100440,4,5,1,1,0,2.0,2,6,1
100441,4,2,0,0,1,1.0,5,15,5
100442,4,2,1,0,0,0.0,4,9,2
100443,1,2,1,0,0,0.0,0,7,1
100444,4,8,6,2,4,1.0,1,19,0
100445,2,0,0,0,0,0.0,4,2,0
100446,5,16,4,6,3,,8,30,6
100447,5,5,2,0,1,0.0,3,5,2
100448,4,10,4,1,9,2.0,8,21,2
100449,5,2,1,0,0,1.0,2,12,4
100450,5,2,0,0,1,,0,4,2
100451,4,11,6,2,8,0.0,5,18,3
100452,4,0,0,0,0,1.0,9,3,3
100453,2,0,0,0,0,0.0,6,2,0
100454,3,1,0,0,0,2.0,3,13,5
100455,1,16,11,8,3,2.0,9,26,2
100456,4,5,1,1,1,0.0,4,8,3
100457,4,4,1,0,1,0.0,3,14,6
100458,5,6,5,3,1,0.0,2,20,3
100459,2,2,1,0,0,1.0,0,5,6
100460,5,7,4,4,6,0.0,5,8,4
100461,4,2,0,0,1,0.0,9,5,5
100462,4,8,5,0,1,0.0,4,18,6
100463,5,1,0,0,0,0.0,0,12,5
100464,4,1,0,0,0,1.0,4,9,2
100465,3,3,1,0,1,1.0,5,6,4
100466,1,2,1,1,0,0.0,9,13,5
100467,1,5,1,1,4,1.0,4,5,5
100468,1,2,0,0,0,0.0,0,2,6
100469,3,1,0,0,0,0.0,4,1,1
100470,4,3,1,1,0,2.0,9,16,4
100471,5,4,2,0,3,0.0,0,8,5
100472,2,0,0,0,0,0.0,2,5,1
100473,4,4,3,0,2,0.0,1,15,1
100474,3,1,0,0,0,1.0,0,6,5
100475,3,2,0,1,0,0.0,3,7,6
100476,1,1,0,0,0,0.0,1,9,2
100477,4,13,4,6,6,0.0,4,13,1
100478,1,5,3,2,3,0.0,9,14,1
100479,2,1,0,0,0,0.0,0,6,4
100480,1,5,4,2,1,0.0,9,17,2
100481,2,9,8,0,5,2.0,0,16,6
100482,3,2,1,0,0,0.0,9,9,2
100483,1,8,2,3,5,0.0,3,19,1
100484,1,0,0,0,0,0.0,6,14,6
100485,5,8,2,2,1,0.0,1,22,4
100486,3,3,2,0,1,0.0,1,5,4
100487,5,1,0,0,0,1.0,0,13,4
100488,2,2,0,0,0,0.0,4,6,4
100489,2,22,15,10,8,1.0,5,31,0
100490,3,7,1,0,1,0.0,5,10,6
100491,2,4,1,1,2,0.0,1,15,5
100492,3,0,0,0,0,,6,0,1
100493,2,2,0,0,0,0.0,5,10,1
100494,4,1,0,0,0,0.0,7,5,1
100495,1,0,0,0,0,0.0,5,1,2
100496,4,3,2,1,2,0.0,8,14,6
100497,3,10,2,5,6,1.0,9,11,2
100498,3,5,2,2,1,0.0,1,15,4
100499,4,1,0,0,0,0.0,6,7,5
100500,1,4,1,0,2,0.0,4,7,6
100501,1,14,6,2,7,0.0,0,14,2
100502,5,6,4,0,3,0.0,2,10,3
100503,2,5,3,1,0,3.0,3,6,6
100504,5,17,14,2,9,3.0,1,31,1
100505,1,8,2,1,6,0.0,6,14,1
100506,4,0,0,0,0,2.0,0,14,0
100507,2,2,1,0,0,0.0,2,10,0
100508,4,16,5,6,10,0.0,8,28,3
100509,5,3,0,1,1,1.0,1,3,0
100510,3,0,0,0,0,3.0,4,11,5
100511,4,3,1,1,2,0.0,3,4,4
100512,5,5,3,2,4,0.0,2,15,4
100513,5,30,20,5,28,0.0,4,35,6
100514,5,1,0,0,0,0.0,5,8,1
100515,3,3,2,0,2,1.0,0,9,4
100516,3,10,3,1,5,2.0,1,18,0
100517,3,2,0,0,0,2.0,0,15,3
100518,2,0,0,0,0,0.0,2,1,5
100519,3,14,11,8,2,0.0,7,25,4
100520,3,3,2,0,2,0.0,7,11,1
100521,3,3,2,-1,1,1.0,3,6,1
100522,4,4,3,0,3,1.0,5,14,5
100523,3,0,0,0,0,0.0,8,14,0
100524,2,13,11,1,9,1.0,6,15,4
100525,5,2,1,0,0,0.0,1,8,0
100526,4,2,0,0,1,0.0,1,6,1
100527,1,0,0,0,0,1.0,2,12,3
100528,3,2,1,0,0,0.0,7,6,4
100529,5,8,7,0,6,0.0,9,19,6
100530,5,8,3,4,5,0.0,8,20,3
100531,4,13,5,7,1,0.0,2,14,5
100532,1,2,1,0,1,1.0,8,7,4
100533,2,6,5,2,1,1.0,9,11,1
100534,5,3,2,0,1,1.0,7,14,4
100535,5,8,5,1,4,1.0,4,11,1
100536,5,6,4,1,0,,9,10,2
100537,5,2,0,0,1,1.0,2,8,1
100538,4,2,1,0,1,1.0,6,15,1
100539,1,1,0,0,0,0.0,8,8,5
100540,5,4,3,1,0,1.0,5,9,4
100541,2,16,4,6,5,0.0,2,20,3
100542,2,1,0,0,0,,4,12,1
100543,3,0,0,0,0,0.0,6,2,4
100544,5,0,0,0,0,0.0,7,6,1
100545,5,7,3,2,3,2.0,3,14,0
100546,5,2,0,0,1,1.0,1,4,0
100547,5,1,0,0,0,0.0,9,5,0
100548,5,2,1,0,1,1.0,1,12,0
100549,2,5,2,0,4,0.0,2,6,3
100550,1,3,2,1,1,1.0,7,12,5
100551,1,6,3,1,2,0.0,0,15,1
100552,3,2,1,1,0,2.0,6,13,0
100553,2,3,1,1,0,0.0,5,6,4
100554,5,0,0,0,0,0.0,1,11,0
100555,1,0,0,0,0,1.0,8,3,2
100556,4,3,1,1,2,0.0,4,14,2
100557,4,1,0,0,0,0.0,1,13,5
100558,4,4,1,1,1,0.0,2,11,3
100559,5,0,0,0,0,0.0,6,2,6
100560,5,0,0,0,0,2.0,6,4,2
100561,3,10,7,1,7,2.0,9,20,4
100562,3,4,1,1,3,0.0,0,8,0
100563,3,6,5,3,4,0.0,9,7,2
100564,4,9,5,5,3,0.0,3,17,2
100565,5,3,1,1,2,0.0,5,6,3
100566,4,7,2,4,1,0.0,7,15,2
100567,3,3,1,1,2,0.0,2,11,0
100568,5,1,0,0,0,0.0,2,2,5
100569,2,2,1,0,0,0.0,7,10,6
100570,1,3,1,0,2,0.0,7,11,5
100571,1,1,0,0,0,0.0,7,2,5
100572,3,2,1,0,1,1.0,0,12,6
100573,4,2,0,1,0,3.0,7,14,1
100574,2,0,0,-1,0,1.0,7,5,0
100575,5,0,0,0,0,3.0,1,8,2
100576,4,0,0,0,0,0.0,8,3,2
100577,3,0,0,-1,0,1.0,6,1,6
100578,4,2,1,0,1,1.0,7,8,2
100579,3,4,1,1,3,0.0,1,18,3
100580,1,1,0,0,0,0.0,3,9,4
100581,1,10,6,2,6,0.0,6,15,0
100582,4,8,3,1,3,0.0,5,18,5
100583,2,3,1,1,0,0.0,6,13,2
100584,5,6,5,3,1,0.0,0,19,6
100585,3,2,1,0,1,0.0,7,5,1
100586,5,0,0,0,0,0.0,6,0,3
100587,1,11,4,2,4,2.0,3,14,4
100588,2,0,0,0,0,0.0,0,2,2
100589,2,14,5,1,9,1.0,7,20,5
100590,5,4,3,0,1,2.0,9,14,0
100591,1,1,0,0,0,1.0,6,13,1
100592,5,3,1,0,1,0.0,7,13,5
100593,4,3,1,0,0,1.0,9,12,3
100594,2,0,0,0,0,0.0,0,4,0
100595,2,2,1,0,1,1.0,4,13,6
100596,4,6,2,3,5,2.0,8,8,0
100597,1,3,2,1,1,0.0,4,16,3
100598,2,1,0,0,0,0.0,9,2,6
100599,3,2,0,0,1,0.0,2,14,0
100600,3,9,7,4,6,0.0,8,10,6
100601,1,3,2,0,1,0.0,8,7,6
100602,4,3,1,1,2,0.0,3,15,1
100603,5,16,6,5,13,0.0,3,28,1
100604,1,1,0,0,0,2.0,7,8,6
100605,5,3,2,1,1,0.0,6,10,0
100606,1,8,6,3,3,0.0,4,21,2
100607,3,7,2,2,5,1.0,5,18,0
100608,4,1,0,0,0,0.0,2,5,2
100609,3,0,0,0,0,1.0,5,12,0
100610,4,6,5,1,1,0.0,7,7,5
100611,5,1,0,0,0,2.0,9,13,4
100612,1,12,5,0,7,0.0,8,15,1
100613,2,0,0,0,0,1.0,2,6,0
100614,2,1,0,0,0,0.0,7,14,1
100615,4,0,0,0,0,2.0,2,5,3
100616,4,6,2,1,1,2.0,1,15,4
100617,3,11,7,2,7,1.0,4,17,2
100618,2,5,4,1,2,2.0,3,9,3
100619,3,13,2,1,11,2.0,4,14,4
100620,5,0,0,0,0,0.0,5,7,3
100621,2,0,0,0,0,0.0,2,13,1
100622,5,9,2,2,6,2.0,0,20,5
100623,1,9,2,0,5,0.0,3,10,4
100624,3,8,3,2,1,0.0,5,19,3
100625,4,8,2,4,5,0.0,1,15,2
100626,2,2,1,0,1,0.0,1,16,4
100627,3,1,0,0,0,0.0,0,7,4
100628,4,13,8,0,5,0.0,8,15,3
100629,1,1,0,0,0,0.0,2,13,5
100630,2,2,1,0,0,2.0,1,5,6
100631,5,6,4,3,2,0.0,3,18,6
100632,1,1,0,0,0,3.0,5,7,6
100633,4,8,2,2,6,0.0,0,11,6
100634,2,0,0,0,0,0.0,8,8,0
100635,2,7,6,0,6,0.0,8,13,2
100636,1,4,2,1,1,2.0,7,4,2
100637,2,4,1,0,2,,5,4,6
100638,4,3,1,0,1,1.0,3,17,3
100639,1,1,0,0,0,1.0,1,4,5
100640,5,3,1,0,2,0.0,7,16,1
100641,1,2,1,0,0,1.0,6,15,1
100642,1,4,3,0,0,3.0,3,16,6
100643,5,1,0,0,0,0.0,2,9,0
100644,4,0,0,0,0,0.0,5,12,0
100645,3,0,0,0,0,0.0,0,3,3
100646,3,6,2,1,3,1.0,1,18,5
100647,5,0,0,0,0,1.0,6,4,1
100648,4,9,6,1,6,0.0,2,9,2
100649,2,5,2,2,1,1.0,0,19,5
100650,5,7,5,1,1,1.0,1,20,1
100651,3,9,3,1,4,1.0,9,10,5
100652,4,0,0,0,0,1.0,9,10,3
100653,1,8,4,0,3,0.0,8,11,1
100654,4,3,1,0,1,2.0,6,14,4
100655,4,10,9,2,5,0.0,6,13,6
100656,3,10,7,5,1,0.0,9,20,3
100657,3,0,0,0,0,0.0,7,9,4
100658,2,2,1,0,1,1.0,7,7,5
100659,2,3,0,0,2,0.0,8,15,3
100660,5,5,2,1,1,1.0,1,10,2
100661,1,1,0,0,0,2.0,7,8,3
100662,2,1,0,0,0,1.0,7,12,3
100663,3,2,1,1,0,0.0,4,14,6
100664,4,3,1,0,0,0.0,4,11,3
100665,5,15,8,3,14,0.0,3,28,3
100666,2,7,1,3,5,0.0,4,7,0
100667,4,2,0,0,0,0.0,1,2,4
100668,4,0,0,0,0,3.0,1,14,3
100669,2,0,0,0,0,0.0,4,5,3
100670,1,3,1,0,1,0.0,2,6,5
100671,1,8,5,2,6,0.0,0,18,0
100672,5,2,1,0,1,0.0,8,5,1
100673,1,3,1,0,2,1.0,1,3,5
100674,5,11,8,6,4,0.0,9,19,5
100675,3,12,4,1,2,0.0,1,23,6
100676,2,1,0,0,0,0.0,3,11,6
100677,4,0,0,0,0,0.0,1,2,0
100678,5,1,0,0,0,0.0,6,15,0
100679,1,5,4,0,1,1.0,9,9,6
100680,5,15,3,8,7,1.0,0,24,0
100681,5,0,0,0,0,0.0,1,0,5
100682,1,0,0,0,0,1.0,4,7,5
100683,1,10,7,5,3,0.0,1,12,6
100684,2,6,5,0,2,1.0,8,19,3
100685,4,24,18,9,7,0.0,3,38,0
100686,2,2,1,0,1,1.0,8,2,0
100687,2,2,0,1,1,,0,11,6
100688,1,0,0,0,0,0.0,0,5,5
100689,1,0,0,0,0,1.0,0,0,5
100690,4,4,2,1,3,0.0,3,18,0
100691,5,2,1,0,0,,8,16,3
100692,2,0,0,0,0,1.0,7,2,2
100693,4,10,4,0,5,1.0,6,14,2
100694,2,1,0,0,0,0.0,0,4,1
100695,5,6,5,1,4,2.0,2,12,3
100696,2,1,0,0,0,0.0,8,6,5
100697,3,8,3,4,5,2.0,8,19,0
100698,4,0,0,0,0,1.0,4,2,6
100699,1,7,3,0,1,2.0,5,17,0
100700,2,0,0,0,0,0.0,5,7,0
100701,4,2,1,0,1,1.0,9,9,2
100702,4,6,3,3,2,1.0,3,19,6
100703,2,0,0,0,0,0.0,0,1,5
100704,1,1,0,0,0,0.0,4,7,6
100705,1,10,5,5,9,2.0,0,23,0
100706,2,10,8,4,7,0.0,0,10,0
100707,4,0,0,0,0,0.0,4,1,2
100708,1,0,0,0,0,1.0,4,7,0
100709,2,0,0,0,0,1.0,6,11,6
100710,2,0,0,0,0,0.0,1,0,1
100711,2,17,13,9,7,1.0,5,18,5
100712,4,4,1,0,2,0.0,1,15,6
100713,1,3,1,1,2,0.0,9,3,4
100714,4,20,5,7,6,0.0,4,24,6
100715,3,4,1,0,0,0.0,3,10,6
100716,1,5,3,1,3,0.0,9,10,1
100717,4,2,0,0,0,1.0,4,7,3
100718,1,2,1,0,1,1.0,1,7,6
100719,3,4,1,0,1,1.0,7,11,1
100720,5,0,0,0,0,0.0,7,4,1
100721,2,1,0,0,0,2.0,5,15,6
100722,4,1,0,0,0,1.0,2,10,6
100723,3,0,0,0,0,0.0,3,6,2
100724,3,3,2,1,0,0.0,0,5,3
100725,1,4,2,1,3,1.0,8,12,6
100726,1,2,0,0,0,2.0,9,11,5
100727,2,1,0,0,0,0.0,4,3,6
100728,1,5,1,1,3,2.0,7,18,5
100729,4,0,0,0,0,1.0,2,13,1
100730,4,3,2,1,1,1.0,3,8,4
100731,4,7,5,3,6,0.0,3,9,1
100732,5,0,0,0,0,0.0,7,0,0
100733,4,6,2,3,3,0.0,8,6,2
100734,1,7,2,1,4,3.0,2,9,0
100735,1,0,0,0,0,1.0,6,3,3
100736,4,0,0,0,0,1.0,8,13,3
100737,3,18,9,2,7,0.0,1,19,2
100738,3,1,0,0,0,1.0,3,9,1
100739,3,8,5,0,2,0.0,2,22,3
100740,2,4,1,0,2,1.0,7,14,4
100741,5,1,0,0,0,0.0,3,8,6
100742,4,0,0,0,0,0.0,8,11,2
100743,2,3,2,0,2,0.0,0,15,0
100744,3,2,0,1,1,0.0,0,4,4
100745,4,6,4,2,2,1.0,3,12,6
100746,2,11,4,0,9,1.0,2,14,6
100747,1,8,4,1,2,0.0,2,12,5
100748,3,1,0,0,0,1.0,9,4,2
100749,2,10,4,3,7,2.0,1,18,4
100750,1,8,4,0,5,0.0,9,18,6
100751,3,13,10,0,11,1.0,9,19,2
100752,5,3,2,0,2,0.0,1,15,0
100753,3,7,4,1,6,0.0,7,10,1
100754,5,4,0,1,0,1.0,0,16,2
100755,5,1,0,0,0,0.0,7,8,3
100756,5,25,12,3,20,0.0,9,26,0
100757,4,0,0,0,0,1.0,2,6,0
100758,4,0,0,0,0,0.0,1,10,4
100759,5,11,7,5,2,2.0,8,11,3
100760,1,0,0,0,0,1.0,4,7,4
100761,5,10,4,5,3,0.0,4,22,5
100762,2,6,3,2,3,0.0,5,19,0
100763,5,0,0,0,0,1.0,3,11,2
100764,4,2,1,0,0,,6,15,5
100765,4,7,3,3,5,0.0,6,19,3
100766,2,4,3,0,1,0.0,8,18,0
100767,2,13,11,1,9,0.0,5,18,6
100768,3,10,8,0,1,0.0,0,21,3
100769,1,2,0,0,0,1.0,8,6,5
100770,1,0,0,0,0,0.0,9,8,2
100771,1,14,4,4,10,0.0,8,22,1
100772,4,3,0,0,1,4.0,4,5,4
100773,1,0,0,0,0,,6,8,6
100774,3,8,2,0,5,0.0,0,20,4
100775,3,10,3,3,6,0.0,3,24,5
100776,1,5,2,1,3,1.0,9,17,0
100777,2,2,0,1,0,0.0,3,10,0
100778,3,5,3,1,2,1.0,4,6,2
100779,2,6,2,1,3,1.0,5,10,0
100780,4,11,6,4,1,1.0,3,21,0
100781,3,15,14,4,13,0.0,5,16,0
100782,2,3,1,0,2,2.0,9,3,3
100783,1,8,5,2,3,0.0,6,14,3
100784,4,16,15,9,9,0.0,2,19,1
100785,5,0,0,0,0,0.0,8,4,3
100786,5,0,0,0,0,1.0,7,3,6
100787,1,10,8,5,7,1.0,0,15,6
100788,4,1,0,0,0,1.0,1,11,4
100789,4,0,0,0,0,0.0,1,1,6
100790,4,0,0,0,0,0.0,9,7,5
100791,4,2,1,1,1,0.0,8,5,1
100792,5,1,0,0,0,0.0,8,8,0
100793,2,1,0,0,0,1.0,8,3,4
100794,4,18,9,6,13,1.0,0,29,1
100795,2,6,3,1,4,2.0,6,17,5
100796,4,6,4,0,3,,2,16,1
100797,3,0,0,0,0,1.0,8,4,4
100798,3,6,4,3,4,0.0,7,17,1
100799,3,6,1,3,5,0.0,2,8,4
100800,4,5,3,1,4,0.0,0,16,1
100801,2,1,0,0,0,0.0,8,15,1
100802,5,2,1,0,0,2.0,9,14,6
100803,1,9,8,2,7,2.0,0,15,1
100804,5,5,4,2,3,0.0,2,19,4
100805,4,6,4,-1,4,0.0,5,8,1
100806,3,4,0,0,1,2.0,5,18,6
100807,3,2,1,0,1,0.0,9,13,5
100808,2,7,6,0,1,3.0,3,14,5
100809,4,0,0,0,0,0.0,1,8,3
100810,5,5,4,1,3,0.0,9,17,3
100811,4,29,13,15,20,0.0,5,40,3
100812,4,7,4,0,2,1.0,9,8,3
100813,3,1,0,0,0,1.0,4,3,3
100814,5,1,0,0,0,1.0,5,12,5
100815,1,5,4,2,0,0.0,6,17,0
100816,3,11,4,3,2,1.0,8,17,1
100817,5,4,1,0,3,1.0,6,8,5
100818,2,3,2,0,0,0.0,3,12,5
100819,3,0,0,0,0,2.0,9,6,2
100820,2,6,3,0,4,1.0,4,7,0
100821,3,6,1,1,2,0.0,5,19,4
100822,4,17,5,6,13,1.0,8,30,6
100823,5,1,0,0,0,0.0,4,4,0
100824,2,7,5,0,6,0.0,4,7,2
100825,3,2,0,0,0,0.0,6,16,5
100826,2,4,1,2,2,1.0,1,8,0
100827,3,8,2,1,5,2.0,2,15,1
100828,3,1,0,0,0,0.0,1,1,3
100829,1,2,0,0,0,0.0,9,8,1
100830,1,7,3,3,3,1.0,9,13,0
100831,1,4,3,0,0,0.0,1,10,5
100832,2,0,0,0,0,2.0,2,14,5
100833,4,2,0,0,1,0.0,5,2,2
100834,3,4,2,1,1,2.0,4,15,4
100835,5,12,11,5,4,0.0,4,22,1
100836,1,1,0,0,0,2.0,1,3,2
100837,2,8,3,1,3,0.0,1,18,4
100838,2,0,0,0,0,,0,1,3
100839,2,1,0,0,0,,2,15,1
100840,5,1,0,0,0,1.0,6,15,5
100841,5,10,8,1,7,1.0,4,14,1
100842,1,1,0,0,0,1.0,6,2,5
100843,5,7,5,1,2,1.0,8,19,5
100844,1,3,2,1,1,1.0,5,16,3
100845,5,35,8,5,32,0.0,1,39,3
100846,5,9,3,2,1,0.0,0,13,0
100847,5,6,5,2,3,0.0,0,9,4
100848,1,10,9,3,3,1.0,9,20,2
100849,3,5,4,2,4,0.0,8,11,6
100850,1,9,8,3,7,0.0,5,18,6
100851,3,1,0,0,0,1.0,5,6,3
100852,2,0,0,0,0,0.0,3,1,0
100853,2,4,2,1,0,1.0,1,18,4
100854,1,2,0,0,1,0.0,9,5,4
100855,3,2,1,0,0,2.0,2,14,1
100856,3,3,2,0,1,0.0,2,16,0
100857,3,2,1,0,1,1.0,7,12,0
100858,2,4,2,2,2,0.0,5,10,1
100859,1,0,0,0,0,0.0,6,8,6
100860,4,17,6,2,4,1.0,8,25,2
100861,3,12,5,4,1,1.0,0,23,6
100862,3,13,9,0,6,1.0,1,15,3
100863,4,2,1,0,1,0.0,8,2,5
100864,1,3,2,1,1,1.0,4,11,1
100865,3,15,13,3,13,1.0,3,22,3
100866,1,11,3,5,5,1.0,0,17,5
100867,3,7,2,2,2,1.0,8,12,0
100868,5,2,1,0,1,0.0,8,15,6
100869,3,4,1,0,1,0.0,3,18,1
100870,5,7,5,1,2,1.0,8,16,5
100871,1,1,0,0,0,0.0,9,7,2
100872,3,4,1,0,3,0.0,0,14,3
100873,2,8,4,1,6,1.0,4,16,6
100874,2,6,3,1,0,0.0,0,11,3
100875,4,3,2,0,1,0.0,3,17,3
100876,2,4,0,0,3,0.0,4,17,0
100877,5,22,20,3,20,2.0,2,35,6
100878,2,4,2,2,1,0.0,1,13,5
100879,2,7,5,3,6,1.0,5,9,3
100880,2,6,1,1,2,0.0,2,18,4
100881,3,6,4,2,1,1.0,9,19,6
100882,4,6,4,0,0,0.0,0,8,3
100883,1,3,1,0,1,1.0,4,6,0
100884,4,3,2,0,1,2.0,1,12,1
100885,5,3,1,0,2,0.0,1,15,3
100886,3,0,0,0,0,0.0,3,13,3
100887,3,1,0,0,0,0.0,3,15,1
100888,2,0,0,0,0,0.0,3,13,5
100889,2,10,3,2,7,1.0,6,19,5
100890,5,1,0,0,0,0.0,0,8,4
100891,3,0,0,0,0,1.0,7,9,0
100892,1,0,0,0,0,1.0,9,8,1
100893,4,6,3,1,1,1.0,8,19,0
100894,3,0,0,0,0,0.0,9,7,5
100895,1,3,0,0,0,0.0,5,13,1
100896,1,0,0,0,0,0.0,3,9,2
100897,4,9,4,-1,6,1.0,5,10,4
100898,1,15,13,0,8,1.0,9,18,2
100899,5,15,13,7,4,1.0,6,18,5
100900,1,2,1,0,0,0.0,5,13,6
100901,5,5,3,0,3,0.0,0,6,1
100902,1,4,3,0,2,,4,16,5
100903,2,2,0,0,0,1.0,7,9,1
100904,1,2,1,0,1,0.0,7,4,0
100905,5,0,0,0,0,0.0,9,1,1
100906,1,7,6,3,1,0.0,8,13,5
100907,1,1,0,0,0,1.0,3,15,0
100908,1,3,1,0,2,1.0,9,3,0
100909,5,3,2,0,1,2.0,5,17,1
100910,1,4,1,1,3,0.0,6,9,0
100911,4,8,6,4,3,1.0,4,20,5
100912,4,5,2,1,2,1.0,7,17,6
100913,5,5,2,0,3,0.0,2,7,4
100914,2,3,2,0,0,1.0,7,15,2
100915,4,0,0,0,0,0.0,4,2,1
100916,3,2,1,0,0,1.0,0,16,0
100917,4,15,9,0,13,3.0,5,19,0
100918,3,27,20,4,15,0.0,1,40,5
100919,5,6,4,1,2,1.0,6,8,0
100920,2,1,0,0,0,0.0,8,12,0
100921,3,0,0,0,0,1.0,2,3,4
100922,3,2,1,0,0,0.0,9,14,6
100923,4,9,6,5,2,0.0,3,21,1
100924,3,6,4,1,2,0.0,3,20,1
100925,5,10,7,5,6,0.0,3,12,5
100926,5,4,1,0,1,1.0,2,10,4
100927,5,0,0,0,0,0.0,4,2,4
100928,4,0,0,0,0,1.0,8,13,4
100929,2,0,0,0,0,1.0,7,9,1
100930,4,4,3,0,3,1.0,9,7,6
100931,5,1,0,0,0,0.0,1,2,3
100932,4,6,2,2,4,0.0,8,7,5
100933,5,5,2,1,4,0.0,9,13,5
100934,1,1,0,0,0,0.0,1,11,2
100935,1,0,0,0,0,1.0,6,0,4
100936,3,0,0,0,0,1.0,4,0,4
100937,2,6,3,2,5,0.0,6,15,1
100938,1,2,1,0,0,0.0,4,2,6
100939,5,1,0,0,0,3.0,5,14,5
100940,4,9,3,1,5,1.0,7,11,1
100941,4,4,2,0,3,1.0,0,5,6
100942,3,3,1,0,1,0.0,0,5,2
100943,4,6,2,2,4,0.0,4,19,0
100944,1,8,7,4,6,0.0,0,12,1
100945,4,5,2,1,2,0.0,2,13,6
100946,1,2,1,1,1,0.0,9,3,6
100947,1,2,0,0,1,0.0,8,13,2
100948,2,7,3,3,6,0.0,6,17,6
100949,3,3,1,1,2,1.0,5,17,1
100950,5,6,2,2,5,0.0,7,19,1
100951,1,11,8,2,3,1.0,7,11,1
100952,3,12,6,1,4,0.0,5,22,3
100953,5,1,0,0,0,0.0,3,6,6
100954,4,1,0,0,0,0.0,3,3,3
100955,3,1,0,0,0,0.0,3,13,4
100956,3,6,1,2,2,0.0,5,12,3
100957,3,2,1,1,0,0.0,0,7,2
100958,4,0,0,0,0,1.0,1,10,1
100959,4,0,0,0,0,1.0,5,6,3
100960,3,1,0,0,0,0.0,0,13,5
100961,2,0,0,0,0,1.0,8,12,1
100962,1,0,0,0,0,1.0,5,4,0
100963,4,5,1,0,2,1.0,6,5,4
100964,2,0,0,0,0,0.0,0,13,3
100965,4,0,0,0,0,2.0,7,2,5
100966,3,9,6,2,6,1.0,4,11,6
100967,2,9,2,4,2,0.0,4,15,5
100968,5,1,0,0,0,1.0,5,15,1
100969,1,0,0,0,0,1.0,6,13,0
100970,1,6,3,2,2,0.0,6,18,4
100971,4,2,0,0,0,1.0,4,4,4
100972,1,0,0,0,0,0.0,0,10,0
100973,5,0,0,0,0,0.0,8,4,3
100974,2,0,0,0,0,0.0,5,3,3
100975,2,4,3,2,1,0.0,8,7,1
100976,3,11,5,4,4,0.0,3,23,2
100977,2,7,3,0,6,1.0,1,13,1
100978,4,3,1,0,2,0.0,2,3,1
100979,5,2,1,1,1,0.0,3,8,6
100980,3,4,0,1,2,0.0,9,18,1
100981,4,2,0,1,1,0.0,7,9,6
100982,4,1,0,0,0,2.0,2,3,0
100983,4,5,2,2,2,1.0,7,19,4
100984,1,10,9,4,1,0.0,5,12,4
100985,4,2,1,0,1,2.0,3,5,2
100986,1,9,4,1,2,0.0,6,23,3
100987,2,2,1,1,0,1.0,4,14,1
100988,1,2,0,0,1,2.0,4,7,0
100989,4,0,0,0,0,3.0,8,13,0
100990,5,5,3,1,4,,2,11,1
100991,5,8,2,0,4,1.0,9,8,0
100992,2,5,4,0,4,0.0,3,19,0
100993,4,0,0,0,0,0.0,4,12,6
100994,1,0,0,0,0,1.0,0,3,1
100995,5,4,3,1,1,0.0,6,15,2
100996,3,2,1,0,0,0.0,7,8,0
100997,4,2,0,1,0,1.0,5,12,4
100998,4,17,6,1,12,0.0,8,18,5
100999,3,6,2,1,1,1.0,2,6,4
101000,5,2,0,1,1,1.0,1,2,6
101001,3,0,0,0,0,1.0,4,9,6
101002,2,0,0,0,0,2.0,8,13,5
101003,1,5,2,1,3,0.0,0,18,5
101004,1,9,6,2,8,0.0,0,14,4
101005,5,6,4,0,2,1.0,9,17,1
101006,3,2,1,0,1,1.0,2,6,5
101007,4,0,0,0,0,1.0,9,0,4
101008,4,17,8,5,11,0.0,2,26,3
101009,4,21,17,0,14,0.0,4,23,0
101010,2,3,2,1,0,0.0,3,17,6
101011,2,0,0,0,0,0.0,5,10,2
101012,4,3,2,0,1,1.0,7,9,5
101013,5,11,4,5,5,1.0,7,22,4
101014,2,5,3,0,4,0.0,3,13,1
101015,2,6,1,3,3,0.0,0,18,6
101016,1,0,0,0,0,0.0,6,8,5
101017,1,0,0,0,0,1.0,5,14,2
101018,5,0,0,0,0,0.0,4,5,6
101019,2,11,10,1,10,2.0,3,13,1
101020,2,3,2,1,1,1.0,5,3,2
101021,3,7,3,4,1,0.0,7,9,2
101022,5,0,0,0,0,2.0,5,9,0
101023,5,13,11,4,8,0.0,2,14,5
101024,3,8,2,4,2,0.0,8,18,5
101025,3,1,0,0,0,0.0,2,5,5
101026,1,10,3,0,5,1.0,3,17,2
101027,5,1,0,0,0,0.0,4,5,3
101028,5,1,0,0,0,1.0,1,1,3
101029,3,1,0,0,0,0.0,9,3,6
101030,4,12,11,4,3,1.0,9,23,3
101031,4,12,11,6,6,1.0,1,16,6
101032,1,1,0,0,0,0.0,5,7,1
101033,4,6,5,1,0,0.0,1,10,0
101034,4,5,4,0,1,0.0,9,18,1
101035,4,8,7,4,2,3.0,0,17,5
101036,2,1,0,0,0,2.0,7,5,5
101037,1,3,2,0,2,1.0,9,9,4
101038,3,5,1,0,2,0.0,9,17,5
101039,4,0,0,0,0,1.0,0,14,3
101040,2,2,0,0,1,0.0,9,9,0
101041,4,5,2,0,4,0.0,5,18,3
101042,2,1,0,0,0,2.0,0,8,0
101043,1,15,8,3,2,0.0,7,21,1
101044,4,0,0,0,0,0.0,4,12,5
101045,2,15,14,6,12,1.0,2,28,1
101046,5,1,0,0,0,0.0,4,3,3
101047,5,0,0,0,0,0.0,0,10,2
101048,2,1,0,0,0,1.0,0,2,0
101049,4,7,3,0,6,1.0,3,7,5
101050,4,6,3,0,3,0.0,8,11,4
101051,1,1,0,0,0,5.0,8,13,6
101052,1,1,0,0,0,1.0,0,9,2
101053,3,5,2,0,2,0.0,2,7,1
101054,1,3,0,1,0,0.0,3,7,0
101055,4,7,6,0,2,1.0,1,15,2
101056,3,0,0,0,0,1.0,6,13,6
101057,1,4,3,1,1,0.0,2,17,4
101058,2,6,4,0,3,0.0,0,14,2
101059,5,25,7,7,21,0.0,0,31,4
101060,1,5,4,1,2,0.0,2,18,1
101061,1,1,0,0,0,0.0,5,4,0
101062,2,0,0,0,0,1.0,3,10,1
101063,4,5,1,1,1,0.0,0,6,0
101064,2,3,2,0,0,0.0,6,4,2
101065,1,11,8,0,7,1.0,1,14,1
101066,4,6,5,2,5,1.0,4,6,0
101067,3,3,0,0,2,0.0,7,16,5
101068,1,2,0,0,0,2.0,6,5,4
101069,2,2,1,0,0,0.0,7,13,0
101070,3,1,0,0,0,0.0,9,14,5
101071,5,0,0,0,0,,5,10,1
101072,3,4,2,0,1,1.0,6,9,1
101073,2,1,0,0,0,0.0,8,6,2
101074,3,1,0,0,0,0.0,5,7,4
101075,2,0,0,0,0,3.0,8,4,0
101076,1,1,0,0,0,1.0,1,9,1
101077,4,0,0,0,0,0.0,1,1,0
101078,5,5,4,2,3,0.0,1,6,3
101079,4,2,0,0,1,1.0,5,5,4
101080,4,4,1,1,0,1.0,1,18,4
101081,4,5,4,1,2,0.0,2,8,5
101082,2,17,8,3,16,0.0,7,20,3
101083,2,0,0,0,0,0.0,7,0,4
101084,5,2,1,0,1,0.0,3,5,3
101085,2,1,0,0,0,0.0,8,12,0
101086,2,3,2,0,0,0.0,7,7,6
101087,2,12,8,1,2,,0,20,3
101088,2,6,4,1,2,0.0,7,8,2
101089,1,5,1,0,3,0.0,0,19,5
101090,5,2,1,1,0,0.0,3,4,3
101091,2,5,2,0,2,0.0,9,18,0
101092,5,0,0,0,0,0.0,5,4,4
101093,3,4,3,1,3,1.0,6,13,2
101094,1,4,2,2,0,0.0,9,9,3
101095,2,2,1,0,0,3.0,3,4,5
101096,1,1,0,0,0,0.0,7,1,5
101097,1,8,3,1,1,0.0,7,17,0
101098,3,0,0,0,0,2.0,8,7,2
101099,5,0,0,0,0,1.0,5,11,2
101100,1,2,0,0,1,0.0,3,2,2
101101,4,1,0,0,0,3.0,1,2,3
101102,3,6,5,2,4,0.0,6,8,0
101103,4,5,4,1,4,0.0,9,10,0
101104,3,7,6,0,6,1.0,2,10,0
101105,4,1,0,0,0,0.0,2,4,6
101106,4,6,1,1,3,0.0,2,20,1
101107,1,9,2,0,5,0.0,3,17,4
101108,1,2,1,1,0,0.0,1,7,0
101109,3,2,1,1,1,1.0,4,13,1
101110,5,11,5,5,8,0.0,2,12,1
101111,1,0,0,0,0,1.0,9,6,2
101112,1,2,1,0,0,1.0,4,16,4
101113,2,0,0,0,0,1.0,6,12,2
101114,1,0,0,0,0,0.0,8,2,4
101115,5,0,0,0,0,2.0,1,8,6
101116,2,2,0,0,0,,8,7,2
101117,4,5,3,0,1,1.0,9,12,5
101118,4,1,0,0,0,0.0,5,13,3
101119,2,9,5,0,2,0.0,5,21,4
101120,2,2,0,0,0,0.0,2,2,5
101121,2,17,7,5,8,0.0,9,18,1
101122,3,15,13,4,13,0.0,8,20,1
101123,5,7,3,0,3,0.0,3,9,4
101124,5,13,10,3,6,0.0,4,13,2
101125,4,6,5,1,3,0.0,2,11,6
101126,4,11,10,1,3,1.0,4,15,3
101127,4,1,0,0,0,2.0,7,13,3
101128,1,2,1,0,0,1.0,7,10,0
101129,4,6,5,3,3,0.0,7,11,4
101130,2,2,0,0,1,0.0,5,6,3
101131,4,9,3,1,6,0.0,0,9,2
101132,2,10,2,1,3,1.0,9,24,2
101133,3,1,0,0,0,0.0,5,1,1
101134,1,8,7,0,2,1.0,9,18,3
101135,1,0,0,0,0,0.0,6,0,3
101136,5,2,1,0,0,1.0,8,8,2
101137,3,3,2,0,1,1.0,7,8,1
101138,2,1,0,0,0,0.0,7,14,3
101139,3,4,2,2,2,0.0,6,8,6
101140,1,4,0,0,3,0.0,1,7,6
101141,2,1,0,0,0,1.0,0,11,2
101142,3,7,3,3,3,0.0,1,20,1
101143,1,4,2,1,1,2.0,5,16,1
101144,2,1,0,0,0,0.0,1,13,2
101145,2,1,0,0,0,0.0,9,11,1
101146,1,10,9,2,9,0.0,3,17,5
101147,2,9,5,3,4,1.0,9,19,5
101148,1,1,0,0,0,2.0,2,8,1
101149,4,0,0,0,0,0.0,5,4,0
101150,4,8,3,1,6,3.0,7,22,1
101151,2,4,1,2,3,0.0,5,7,6
101152,2,0,0,0,0,1.0,1,14,3
101153,1,4,1,0,3,0.0,4,5,1
101154,2,3,1,0,0,0.0,5,9,3
101155,5,7,4,3,3,1.0,8,11,2
101156,4,1,0,0,0,1.0,5,3,1
101157,2,3,1,1,1,1.0,9,11,2
101158,2,0,0,0,0,0.0,4,8,4
101159,3,15,7,0,4,2.0,0,25,6
101160,2,7,4,0,1,0.0,9,21,5
101161,5,6,4,1,1,1.0,4,16,1
101162,4,5,4,0,4,0.0,4,14,2
101163,3,2,0,0,1,1.0,5,15,4
101164,1,12,10,4,7,0.0,6,22,3
101165,1,0,0,0,0,0.0,3,7,3
101166,4,8,5,3,5,0.0,6,8,5
101167,1,1,0,0,0,2.0,4,12,5
101168,5,1,0,0,0,1.0,5,3,6
101169,2,3,2,0,2,1.0,3,4,6
101170,4,7,3,1,3,0.0,7,10,3
101171,3,9,4,5,5,0.0,8,10,3
101172,2,4,3,1,0,1.0,1,15,3
101173,1,2,0,0,1,0.0,3,12,0
101174,1,14,4,6,11,0.0,7,21,6
101175,3,1,0,0,0,0.0,7,1,5
101176,5,8,2,0,6,1.0,8,11,2
101177,3,4,2,1,2,1.0,2,8,4
101178,4,2,1,0,1,1.0,0,15,4
101179,3,0,0,0,0,1.0,8,9,1
101180,1,2,0,1,1,2.0,0,5,2
101181,5,1,0,0,0,0.0,2,8,5
101182,5,0,0,0,0,2.0,2,1,0
101183,3,0,0,0,0,0.0,8,8,0
101184,4,2,1,0,1,0.0,0,3,2
101185,1,4,3,1,3,0.0,6,5,3
101186,2,9,7,4,5,1.0,1,21,3
101187,5,1,0,0,0,0.0,6,2,2
101188,3,2,0,0,1,1.0,0,13,5
101189,4,2,1,0,1,4.0,9,11,4
101190,4,3,0,1,2,0.0,9,10,3
101191,1,8,7,2,2,0.0,7,10,1
101192,5,4,2,1,3,0.0,9,13,5
101193,1,9,6,0,5,1.0,9,19,5
101194,2,3,0,0,2,2.0,1,16,0
101195,2,4,2,1,2,,2,13,6
101196,2,2,0,0,0,0.0,7,16,3
101197,4,8,3,1,3,2.0,2,21,4
101198,5,12,6,0,6,0.0,0,19,5
101199,1,5,1,0,4,0.0,8,11,3
101200,1,8,4,3,6,1.0,7,17,3
101201,2,0,0,0,0,0.0,3,3,0
101202,5,11,9,0,7,3.0,7,17,1
101203,5,1,0,0,0,1.0,4,11,5
101204,3,1,0,0,0,0.0,2,8,6
101205,5,0,0,0,0,1.0,0,5,1
101206,5,16,10,7,6,0.0,9,21,4
101207,1,9,5,4,2,1.0,4,11,6
101208,5,12,7,6,2,1.0,5,16,2
101209,5,9,7,3,1,0.0,3,18,2
101210,1,3,1,0,2,1.0,6,4,6
101211,5,12,6,4,4,0.0,2,23,2
101212,1,17,13,0,6,1.0,6,21,4
101213,3,3,0,0,0,1.0,0,7,5
101214,4,0,0,0,0,1.0,6,6,3
101215,1,5,2,1,2,2.0,0,8,1
101216,1,18,11,2,5,1.0,0,31,1
101217,5,10,8,0,6,0.0,1,20,3
101218,1,9,3,3,6,1.0,1,14,5
101219,2,13,11,7,5,0.0,3,21,6
101220,2,11,10,1,6,0.0,0,14,1
101221,3,7,4,2,3,1.0,3,17,5
101222,1,6,5,0,1,0.0,1,19,6
101223,5,1,0,0,0,3.0,3,6,6
101224,5,4,3,0,3,1.0,3,16,6
101225,4,3,1,1,2,0.0,8,14,1
101226,3,9,4,1,3,2.0,8,17,2
101227,5,3,1,1,2,0.0,0,12,2
101228,4,0,0,0,0,0.0,4,11,0
101229,5,0,0,0,0,1.0,6,0,0
101230,4,5,4,0,2,1.0,3,12,1
101231,2,3,2,0,2,0.0,4,3,2
101232,2,2,0,1,1,2.0,1,5,5
101233,5,0,0,0,0,0.0,2,2,0
101234,3,3,2,0,0,2.0,6,6,0
101235,1,0,0,0,0,0.0,9,13,2
101236,3,2,0,0,1,0.0,6,8,5
101237,3,2,1,1,0,0.0,3,14,0
101238,1,3,1,0,2,1.0,0,16,3
101239,2,3,1,1,1,1.0,0,11,6
101240,2,1,0,0,0,0.0,3,9,5
101241,1,9,6,2,4,0.0,3,18,3
101242,4,2,0,0,0,0.0,5,2,2
101243,3,1,0,0,0,0.0,6,15,2
101244,5,0,0,0,0,0.0,8,9,0
101245,2,1,0,0,0,1.0,8,1,1
101246,5,0,0,0,0,2.0,9,8,4
101247,1,0,0,0,0,1.0,4,3,3
101248,5,4,2,2,1,1.0,9,15,3
101249,5,4,1,2,3,0.0,2,16,5
101250,3,3,1,1,0,0.0,2,16,5
101251,1,7,2,4,5,3.0,5,9,2
101252,5,0,0,0,0,0.0,0,12,6
101253,2,13,10,3,12,3.0,6,21,1
101254,1,0,0,0,0,0.0,2,4,2
101255,2,5,3,2,0,1.0,4,16,0
101256,4,0,0,0,0,1.0,6,5,1
101257,5,10,7,2,8,1.0,6,10,0
101258,1,3,1,0,1,1.0,8,3,3
101259,2,0,0,0,0,1.0,0,12,2
101260,5,4,3,2,3,2.0,2,17,5
101261,3,0,0,0,0,1.0,8,6,2
101262,2,7,3,0,5,0.0,7,16,4
101263,2,5,3,0,1,0.0,1,19,1
101264,4,1,0,0,0,1.0,7,8,6
101265,3,2,1,0,1,0.0,7,12,3
101266,4,0,0,0,0,2.0,1,7,4
101267,3,5,1,2,1,2.0,7,18,4
101268,2,1,0,0,0,1.0,2,13,2
101269,4,4,1,0,3,1.0,6,10,1
101270,5,15,4,8,3,1.0,8,27,2
101271,3,1,0,0,0,,3,11,1
101272,2,23,19,1,12,0.0,5,31,4
101273,1,5,4,1,3,0.0,8,5,0
101274,3,1,0,0,0,1.0,4,2,3
101275,3,2,0,1,0,0.0,0,14,4
101276,5,6,3,3,2,0.0,2,8,2
101277,3,2,0,0,1,1.0,8,14,6
101278,3,0,0,0,0,1.0,2,11,6
101279,5,0,0,0,0,0.0,9,12,3
101280,5,7,1,3,4,1.0,1,11,4
101281,4,5,3,2,3,0.0,3,8,1
101282,2,4,2,0,1,0.0,4,7,6
101283,2,0,0,0,0,0.0,6,14,2
101284,4,9,8,5,6,1.0,6,16,6
101285,2,16,6,8,2,1.0,8,23,4
101286,3,0,0,0,0,0.0,7,10,1
101287,4,0,0,0,0,0.0,1,6,1
101288,4,10,4,3,2,1.0,7,10,1
101289,2,8,2,0,1,0.0,7,17,6
101290,1,4,3,0,1,1.0,4,18,3
101291,2,14,5,1,13,1.0,2,17,2
101292,1,5,4,0,2,0.0,8,5,1
101293,4,1,0,0,0,2.0,6,11,4
101294,1,6,2,1,4,1.0,0,19,1
101295,3,5,2,1,1,1.0,7,9,2
101296,5,21,17,6,8,,9,23,5
101297,1,1,0,0,0,0.0,4,3,5
101298,5,4,3,1,2,0.0,5,7,3
101299,3,7,5,1,1,0.0,8,8,1
101300,5,2,1,0,1,0.0,9,8,4
101301,3,2,1,1,1,0.0,7,13,2
101302,5,10,2,2,5,1.0,2,22,6
101303,5,2,1,0,1,1.0,4,5,1
101304,2,4,3,0,0,4.0,3,8,6
101305,1,11,10,5,5,2.0,0,22,3
101306,5,1,0,0,0,0.0,4,14,0
101307,4,20,13,2,12,0.0,9,21,5
101308,2,6,2,2,2,1.0,6,11,4
101309,1,3,1,0,1,1.0,0,11,5
101310,2,2,1,1,0,1.0,3,9,1
101311,1,15,14,3,5,1.0,5,22,1
101312,3,1,0,0,0,0.0,8,2,0
101313,5,1,0,0,0,0.0,7,15,2
101314,4,1,0,0,0,0.0,1,4,6
101315,2,1,0,0,0,0.0,2,8,6
101316,2,3,2,1,1,1.0,9,13,6
101317,2,22,11,2,12,1.0,4,22,0
101318,2,10,9,3,8,0.0,6,17,6
101319,5,1,0,0,0,1.0,2,3,2
101320,1,2,1,0,0,0.0,6,9,1
101321,5,5,3,1,2,0.0,4,10,0
101322,3,0,0,0,0,0.0,9,6,5
101323,5,8,7,2,4,0.0,5,9,6
101324,5,10,5,1,8,0.0,5,24,5
101325,3,9,4,2,7,0.0,3,9,6
101326,5,2,1,0,1,1.0,7,7,1
101327,1,3,1,0,2,0.0,8,14,0
101328,4,0,0,0,0,2.0,1,2,1
101329,3,2,0,0,1,1.0,8,5,5
101330,2,3,1,0,1,0.0,3,15,5
101331,1,11,10,2,8,2.0,5,25,1
101332,4,11,9,3,5,1.0,6,19,6
101333,1,16,8,6,3,,3,18,1
101334,1,10,7,2,8,0.0,7,11,3
101335,2,0,0,0,0,0.0,9,1,0
101336,4,5,1,2,4,1.0,7,6,3
101337,1,0,0,0,0,1.0,0,5,1
101338,2,1,0,0,0,0.0,7,2,4
101339,3,4,1,1,0,1.0,9,14,5
101340,2,6,2,1,4,0.0,2,12,2
101341,5,5,4,0,0,0.0,4,11,0
101342,2,0,0,0,0,1.0,9,6,0
101343,2,0,0,0,0,0.0,7,13,5
101344,2,0,0,0,0,1.0,5,12,2
101345,1,0,0,0,0,0.0,3,1,3
101346,4,0,0,0,0,0.0,3,6,2
101347,2,5,2,0,1,1.0,3,14,4
101348,2,8,2,3,5,1.0,5,15,1
101349,5,2,0,0,0,0.0,6,9,2
101350,5,5,4,1,1,0.0,4,18,6
101351,3,1,0,0,0,0.0,9,2,2
101352,3,18,4,3,13,1.0,7,22,1
101353,5,2,1,0,0,1.0,6,15,5
101354,4,9,8,0,8,0.0,7,14,0
101355,3,14,7,1,2,0.0,3,22,5
101356,4,10,2,0,4,3.0,7,15,6
101357,5,0,0,0,0,1.0,5,9,4
101358,3,5,4,0,3,2.0,2,10,5
101359,2,0,0,0,0,0.0,7,9,2
101360,5,0,0,0,0,1.0,6,9,2
101361,3,0,0,0,0,0.0,9,14,0
101362,4,12,11,3,11,2.0,4,17,4
101363,4,11,9,0,3,0.0,3,19,1
101364,3,1,0,0,0,1.0,0,10,1
101365,4,3,1,0,2,0.0,9,9,3
101366,3,15,10,6,12,1.0,2,15,4
101367,3,3,0,1,1,1.0,1,3,4
101368,4,2,0,0,1,2.0,7,15,2
101369,1,3,1,0,0,2.0,7,6,3
101370,2,7,4,2,5,1.0,4,21,1
101371,5,3,1,0,1,0.0,4,14,6
101372,2,7,5,2,1,1.0,3,8,4
101373,5,2,1,0,0,1.0,0,4,4
101374,5,1,0,0,0,0.0,0,12,0
101375,2,1,0,0,0,0.0,5,7,1
101376,3,0,0,0,0,1.0,3,13,0
101377,4,3,1,1,2,1.0,3,9,3
101378,1,0,0,0,0,0.0,2,13,4
101379,1,8,1,3,5,0.0,8,19,3
101380,1,2,1,0,0,1.0,2,4,5
101381,2,7,1,3,4,1.0,7,19,0
101382,2,15,6,1,2,0.0,1,16,1
101383,3,9,5,2,3,0.0,3,23,4
101384,1,15,9,7,9,2.0,0,27,5
101385,3,4,2,0,3,1.0,4,16,5
101386,1,0,0,0,0,0.0,1,0,1
101387,2,13,4,5,12,0.0,0,21,3
101388,4,10,3,2,8,1.0,0,19,5
101389,4,9,8,2,2,0.0,1,11,2
101390,4,5,2,2,2,0.0,4,13,1
101391,4,4,1,0,2,0.0,8,18,5
101392,5,0,0,0,0,0.0,5,14,1
101393,1,6,1,2,5,0.0,3,9,1
101394,4,0,0,0,0,0.0,2,14,4
101395,5,1,0,0,0,1.0,7,10,3
101396,5,4,3,1,3,0.0,2,9,3
101397,5,3,2,1,1,0.0,0,15,4
101398,3,0,0,0,0,1.0,3,6,1
101399,3,8,4,3,5,,4,17,1
101400,5,10,2,0,8,2.0,4,23,2
101401,4,5,1,1,4,0.0,4,10,5
101402,1,3,1,1,1,0.0,7,3,1
101403,2,16,6,5,13,1.0,7,21,5
101404,3,0,0,0,0,1.0,3,10,0
101405,4,6,4,0,3,0.0,8,19,5
101406,4,0,0,0,0,1.0,0,5,1
101407,2,2,1,0,1,0.0,4,6,2
101408,2,4,0,0,2,0.0,4,6,0
101409,4,6,2,1,3,0.0,4,15,2
101410,2,0,0,0,0,1.0,7,2,5
101411,4,1,0,0,0,1.0,8,11,2
101412,2,3,0,0,0,0.0,2,12,5
101413,2,3,0,0,1,3.0,8,15,3
101414,4,5,3,1,3,0.0,7,11,5
101415,5,1,0,0,0,2.0,2,8,4
101416,4,3,2,1,2,0.0,1,16,2
101417,1,1,0,0,0,1.0,3,3,1
101418,2,1,0,0,0,0.0,1,3,3
101419,3,4,2,2,3,0.0,3,10,6
101420,2,5,3,0,0,1.0,4,14,0
101421,1,0,0,0,0,0.0,1,11,5
101422,3,0,0,0,0,2.0,7,6,4
101423,3,4,2,0,0,0.0,0,14,3
101424,4,1,0,0,0,1.0,2,9,2
101425,5,2,0,0,0,0.0,6,15,6
101426,4,2,0,0,1,0.0,9,7,6
101427,3,0,0,0,0,1.0,0,14,3
101428,3,0,0,0,0,0.0,1,12,1
101429,5,9,4,0,8,0.0,2,15,1
101430,2,6,3,1,4,0.0,1,16,1
101431,5,5,4,0,1,2.0,1,14,4
101432,4,3,1,0,1,0.0,5,3,6
101433,2,6,1,2,4,0.0,6,12,3
101434,4,13,6,4,11,1.0,5,14,3
101435,5,5,3,1,2,0.0,5,11,6
101436,2,1,0,0,0,0.0,8,3,2
101437,5,4,2,1,2,0.0,7,12,0
101438,1,2,1,0,1,0.0,7,14,1
101439,3,4,3,0,3,0.0,5,8,0
101440,2,3,0,1,0,0.0,4,9,6
101441,3,9,7,4,2,0.0,8,16,6
101442,1,5,1,1,2,1.0,1,17,0
101443,2,1,0,0,0,0.0,6,12,1
101444,3,0,0,0,0,2.0,5,1,1
101445,3,2,1,0,1,1.0,6,12,2
101446,2,0,0,0,0,2.0,3,0,4
101447,3,1,0,0,0,0.0,8,7,1
101448,3,2,0,0,0,0.0,6,16,0
101449,2,2,1,0,0,1.0,1,7,6
101450,3,19,8,10,9,1.0,3,24,2
101451,3,1,0,0,0,0.0,4,2,3
101452,4,1,0,0,0,1.0,1,3,6
101453,4,0,0,0,0,,9,3,2
101454,1,3,2,1,1,0.0,7,5,1
101455,4,0,0,0,0,1.0,0,1,6
101456,4,4,2,1,0,1.0,2,6,5
101457,1,0,0,0,0,2.0,0,13,1
101458,3,4,0,0,2,0.0,4,9,4
101459,3,8,7,4,6,0.0,7,16,2
101460,4,0,0,0,0,,6,3,1
101461,1,2,0,0,1,0.0,8,7,0
101462,3,3,2,0,1,0.0,1,3,0
101463,5,7,5,-1,5,1.0,7,18,2
101464,2,3,0,0,2,0.0,7,8,6
101465,2,4,1,1,2,0.0,5,15,4
101466,2,7,5,0,4,0.0,2,9,5
101467,4,4,1,2,1,0.0,1,12,2
101468,2,2,1,0,1,0.0,7,5,4
101469,2,0,0,0,0,2.0,5,6,0
101470,5,6,2,0,3,0.0,3,9,1
101471,3,10,4,5,1,1.0,4,20,3
101472,5,17,10,7,9,0.0,4,22,1
101473,4,13,6,5,9,2.0,8,26,0
101474,2,7,5,-1,4,2.0,8,13,5
101475,3,5,4,2,2,1.0,7,6,6
101476,2,7,4,3,2,0.0,7,16,0
101477,2,2,1,0,0,0.0,1,7,1
101478,4,4,1,2,2,1.0,2,11,1
101479,2,2,1,0,0,,7,16,5
101480,1,1,0,0,0,0.0,4,13,5
101481,3,7,5,3,4,0.0,6,19,0
101482,3,3,0,1,2,2.0,7,17,1
101483,1,1,0,0,0,2.0,5,12,6
101484,4,1,0,0,0,1.0,4,6,3
101485,2,9,7,3,4,0.0,7,10,3
101486,2,5,4,1,2,0.0,0,8,2
101487,3,3,2,0,0,1.0,0,3,3
101488,4,2,1,1,1,1.0,0,16,0
101489,4,2,1,0,1,0.0,2,8,0
101490,4,0,0,0,0,0.0,9,7,2
101491,2,3,2,1,1,0.0,5,12,6
101492,4,7,1,2,6,0.0,5,8,4
101493,1,2,1,0,0,1.0,4,11,6
101494,5,2,0,0,0,1.0,6,16,2
101495,4,0,0,0,0,1.0,4,4,4
101496,5,3,1,0,1,2.0,1,13,4
101497,2,0,0,0,0,0.0,3,7,1
101498,4,4,2,0,1,2.0,0,14,5
101499,3,3,2,0,0,0.0,6,10,3
